Scully's Tavern Miami Florida yelp,https://www.yelp.com/biz/scullys-tavern-miami
90 Miles Cuban Cafe Chicago Illinois yelp,https://www.yelp.com/biz/90-miles-cuban-caf%25C3%25A9-chicago-5
Broders' Cucina Italiana Minneapolis Minnesota yelp,https://www.yelp.com/biz/broders-cucina-italiana-minneapolis
Victor's 1959 Cafe Minneapolis Minnesota yelp,https://www.yelp.com/biz/victors-1959-cafe-minneapolis-3
Zydecox8ax97xc8s Mooresville Indiana yelp,https://www.yelp.com/biz/zydecos-mooresville
El Indio San Diego California yelp,https://www.yelp.com/biz/el-indio-mexican-restaurant-san-diego-3
The Duce Phoenix Arizona yelp,https://www.yelp.com/biz/the-duce-phoenix
Don Antonio By Starita Manhattan New York yelp,https://www.yelp.com/biz/don-antonio-by-starita-new-york-2
Parkview Nightclub Cleveland Ohio yelp,https://www.yelp.com/biz/parkview-nite-club-cleveland
Irazu Chicago Illinois yelp,https://www.yelp.com/biz/irazu-costa-rican-restaurant-chicago-2
Eva's European Sweets Syracuse New York yelp,https://www.yelp.com/biz/evas-european-sweets-syracuse
Foreign & Domestic Austin Texas yelp,https://www.yelp.com/biz/foreign-and-domestic-austin
11th Street Diner Miami Beach Florida yelp,https://www.yelp.com/biz/11th-street-diner-miami-beach-2
Italian Corner East Providence Rhode Island yelp,https://www.yelp.com/biz/italian-corner-east-providence
Catellix8ax97xc8s Geyserville California yelp,https://www.yelp.com/biz/catellis-geyserville-4
Meal Ticket Berkeley California yelp,https://www.yelp.com/biz/meal-ticket-berkeley
The Starling Diner Long Beach California yelp,https://www.yelp.com/biz/starling-diner-long-beach
The Brick Kansas City Missouri yelp,https://www.yelp.com/biz/the-brick-kansas-city
Tune-Up Cafe Santa Fe New Mexico yelp,https://www.yelp.com/biz/tune-up-cafe-santa-fe
Guerilla Street Food St. Louis Missouri yelp,https://www.yelp.com/biz/guerrilla-street-food-saint-louis
Garifuna Flava Chicago Illinois yelp,https://www.yelp.com/biz/garifuna-flava-chicago
Three Angels Diner Memphis Tennessee yelp,https://www.yelp.com/biz/3-angels-on-broad-memphis-2
Nexus Brewery Albuquerque New Mexico yelp,https://www.yelp.com/biz/nexus-brewery-albuquerque
Forte European Tapas Bar & Bistro Las Vegas Nevada yelp,https://www.yelp.com/biz/forte-european-tapas-bar-and-bistro-las-vegas
North End Caffe Manhattan Beach California yelp,https://www.yelp.com/biz/north-end-cafe-manhattan-beach-3
Tocabe American Indian Eatery Denver Colorado yelp,https://www.yelp.com/biz/tocabe-american-indian-eatery-denver
Whalex8ax97xc8s Rib Deerfield Beach Florida yelp,https://www.yelp.com/biz/the-whales-rib-deerfield-beach
Jax At The Trax Truckee California yelp,https://www.yelp.com/biz/jax-truckee-diner-truckee
Hob Nob Hill San Diego California yelp,https://www.yelp.com/biz/hob-nob-hill-san-diego
Anchor Bar Superior Wisconsin yelp,https://www.yelp.com/biz/anchor-bar-superior
The Penguin Charlotte North Carolina yelp,https://www.yelp.com/biz/the-penguin-drive-in-charlotte
Bryant-Lake Bowl Minneapolis Minnesota yelp,https://www.yelp.com/biz/bryant-lake-bowl-minneapolis-2
Fat Choy Las Vegas Nevada yelp,https://www.yelp.com/biz/fat-choy-las-vegas
Maria's Taco Express Austin Texas yelp,https://www.yelp.com/biz/marias-tacos-xpress-austin
Joe's Cable Car San Francisco California yelp,https://www.yelp.com/biz/joes-cable-car-restaurant-san-francisco
Garbox8ax97xc8s Grill Key West Florida yelp,https://www.yelp.com/biz/garbos-grill-key-west-2
Foolish Craigx8ax97xc8s Cafe Boulder Colorado yelp,https://www.yelp.com/biz/foolish-craigs-boulder
Brandyx8ax97xc8s Restaurant & Bakery Flagstaff Arizona yelp,https://www.yelp.com/biz/brandys-restaurant-and-bakery-flagstaff-2
Louis Restaurant Providence Rhode Island yelp,https://www.yelp.com/biz/louis-family-restaurant-providence
The Oinkster Eagle Rock California yelp,https://www.yelp.com/biz/the-oinkster-los-angeles
Naked City Pizza Las Vegas Nevada yelp,https://www.yelp.com/biz/naked-city-pizza-shop-on-arville-las-vegas
Taste of Europe Arlington Texas yelp,https://www.yelp.com/biz/a-taste-of-europe-arlington
Grubstake Diner San Francisco California yelp,https://www.yelp.com/biz/grubstake-san-francisco
Chomp Chomp Nation Irvine California yelp,https://www.yelp.com/biz/chomp-chomp-nation-anaheim-2
Darwell's Cafe Long Beach Mississippi yelp,https://www.yelp.com/biz/darwells-cafe-long-beach-2
Jamaica Kitchen Kendale Lakes Florida yelp,https://www.yelp.com/biz/jamaica-kitchen-miami
Hillx8ax97xc8s Restaurant & Lounge Spokane Washington yelp,https://www.yelp.com/biz/hills-restaurant-and-lounge-spokane-2
Tamarindo Truck Orange County California yelp,https://www.yelp.com/biz/tamarindo-truck-orange
Cravings Duck North Carolina yelp,https://www.yelp.com/biz/coastal-cravings-duck
Maxwellx8ax97xc8s East Coast Eatery Salt Lake City Utah yelp,https://www.yelp.com/biz/maxwells-east-coast-eatery-salt-lake-city-3
Mad Greek's Diner Baker California yelp,https://www.yelp.com/biz/the-mad-greek-baker
Katiex8ax97xc8s Restaurant New Orleans Louisiana yelp,https://www.yelp.com/biz/katies-restaurant-and-bar-new-orleans
Tecolote Cafe Santa Fe New Mexico yelp,https://www.yelp.com/biz/tecolote-cafe-santa-fe-3
Sidecar Bar and Grille Philadelphia Pennsylvania yelp,https://www.yelp.com/biz/the-sidecar-bar-and-grille-philadelphia
The Dining Car & Market Philadelphia Pennsylvania yelp,https://www.yelp.com/biz/the-dining-car-and-market-philadelphia
Opal Thai Food Haleiwa Hawaii yelp,https://www.yelp.com/biz/opal-thai-food-haleiwa-4
Samx8ax97xc8s No. 3 Denver Colorado yelp,https://www.yelp.com/biz/sams-no-3-downtown-denver
Blow Fly Inn Gulfport Mississippi yelp,https://www.yelp.com/biz/blow-fly-inn-gulfport-2
Salx8ax97xc8s Gilbert Pizza Gilbert Arizona yelp,https://www.yelp.com/biz/sals-gilbert-pizza-gilbert
Espino's Mexican Bar and Grill Chesterfield Missouri yelp,https://www.yelp.com/biz/espinos-mexican-bar-and-grill-chesterfield
South Of Beale (SOB) Memphis Tennessee yelp,https://www.yelp.com/biz/south-of-beale-memphis
Tap Tap Haitian Restaurant Miami Beach Florida yelp,https://www.yelp.com/biz/tap-tap-restaurant-miami-beach-2
Mariax8ax97xc8s Taco Express Austin Texas yelp,https://www.yelp.com/biz/marias-tacos-xpress-austin
Salsa Brava Flagstaff Arizona yelp,https://www.yelp.com/biz/salsa-brava-flagstaff
Tattooed Moose Charleston South Carolina yelp,https://www.yelp.com/biz/tattooed-moose-charleston
Dixie Supply Bakery & Cafe Charleston South Carolina yelp,https://www.yelp.com/biz/dixie-supply-bakery-and-cafe-charleston
Donatelli's White Bear Lake Minnesota yelp,https://www.yelp.com/biz/donatellis-white-bear-lake
Kramarczuk Sausage Company Minneapolis Minnesota yelp,https://www.yelp.com/biz/kramarczuks-sausage-company-minneapolis
Pizzalchik Boise Idaho yelp,https://www.yelp.com/biz/pizzalchik-boise
Los Tapatios San Jose California yelp,https://www.yelp.com/biz/los-tapatios-taco-truck-san-jose
Magnolia Pancake Haus San Antonio Texas yelp,https://www.yelp.com/biz/the-magnolia-pancake-haus-san-antonio
Clanton's Cafe Vinita Oklahoma yelp,https://www.yelp.com/biz/clantons-cafe-vinita
Triple XXX Restaurant West Lafayette Indiana yelp,https://www.yelp.com/biz/triple-xxx-restaurant-west-lafayette
Crockett's Public House Puyallup Washington yelp,https://www.yelp.com/biz/crocketts-public-house-puyallup
Pine State Biscuits Portland Oregon yelp,https://www.yelp.com/biz/pine-state-biscuits-portland-2
Badboy Burrito Key West Florida yelp,https://www.yelp.com/biz/bad-boy-burrito-key-west
Iron Barley St. Louis Missouri yelp,https://www.yelp.com/biz/iron-barley-eating-establishment-saint-louis
Shirleyx8ax97xc8s Tippy Canoe Troutdale Oregon yelp,https://www.yelp.com/biz/shirleys-tippy-canoe-troutdale
Bunk Sandwiches Portland Oregon yelp,https://www.yelp.com/biz/bunk-sandwiches-portland-5
Rosie's Diner Rockford Michigan yelp,https://www.yelp.com/biz/rosies-diner-rockford
Pete's Breakfast House Ventura California yelp,https://www.yelp.com/biz/petes-breakfast-house-restaurant-ventura
John's of 12th Street Manhattan New York yelp,https://www.yelp.com/biz/johns-of-12th-street-new-york-2
Big Jimx8ax97xc8s Pittsburgh Pennsylvania yelp,https://www.yelp.com/biz/big-jims-restaurant-and-bar-pittsburgh
La Cucina Del Garga Firenze Italy yelp,https://www.yelp.com/biz/la-cucina-del-garga-firenze
Dish Charlotte North Carolina yelp,https://www.yelp.com/biz/dish-charlotte
Brick Oven Pizza Baltimore Maryland yelp,https://www.yelp.com/biz/brick-oven-pizza-baltimore
Asi y Asado Cabo San Lucas Mexico yelp,https://www.yelp.com/biz/as%25C3%25AD-y-asado-cabo-san-lucas-2
Standard Tap Philadelphia Pennsylvania yelp,https://www.yelp.com/biz/standard-tap-philadelphia
Evelyn's Drive-In Tiverton Rhode Island yelp,https://www.yelp.com/biz/evelyns-drive-in-tiverton
Supino Pizzeria Detroit Michigan yelp,https://www.yelp.com/biz/supino-pizzeria-detroit
Bachi Burger Las Vegas Nevada yelp,https://www.yelp.com/biz/bachi-burger-las-vegas
Bang! Denver Colorado yelp,https://www.yelp.com/biz/bang-denver
HRD Coffee Shop San Francisco California yelp,https://www.yelp.com/biz/hrd-san-francisco-4
Chicago Brauhaus Chicago Illinois yelp,https://www.yelp.com/biz/chicago-brauhaus-chicago
Mulberry Cafe Lackawanna New York yelp,https://www.yelp.com/biz/mulberry-italian-ristorante-lackawanna
The Shaved Duck St. Louis Missouri yelp,https://www.yelp.com/biz/the-shaved-duck-saint-louis-3
Bruno's European Restaurant Tacoma Washington yelp,https://www.yelp.com/biz/brunos-european-restaurant-lakewood
The Weeping Radish Jarvisburg North Carolina yelp,https://www.yelp.com/biz/weeping-radish-farm-brewery-grandy
Pier 23 Cafe San Francisco California yelp,https://www.yelp.com/biz/pier-23-cafe-san-francisco
The Silver Skillet Atlanta Georgia yelp,https://www.yelp.com/biz/the-silver-skillet-atlanta
Danny Edward's BBQ Kansas City Missouri yelp,https://www.yelp.com/biz/danny-edwards-boulevard-bbq-kansas-city
Chino Bandido Phoenix Arizona yelp,https://www.yelp.com/biz/chino-bandido-phoenix-3
Funk N Waffles Syracuse New York yelp,https://www.yelp.com/biz/funk-n-waffles-syracuse
Dirty Oscar's Annex Tacoma Washington yelp,https://www.yelp.com/biz/dirty-oscars-annex-tacoma
Sam LaGrassa's Boston Massachusetts yelp,https://www.yelp.com/biz/sam-lagrassas-boston-3
Carlucciox8ax97xc8s Coal Fired Pizza Northfield New Jersey yelp,https://www.yelp.com/biz/carluccios-coal-fired-pizza-northfield
Eischenx8ax97xc8s Bar & Grill Okarche Oklahoma yelp,https://www.yelp.com/biz/eischens-bar-okarche
Rigoletto Italian Bakery & Cafe Virginia Beach Virginia yelp,https://www.yelp.com/biz/rigoletto-italian-bakery-virginia-beach
St. Francis Phoenix Arizona yelp,https://www.yelp.com/biz/st-francis-restaurant-phoenix
Casa Chimayo Restaurant Santa Fe New Mexico yelp,https://www.yelp.com/biz/casa-chimayo-restaurant-santa-fe
Pig Latin (Food Truck) Colorado Springs Colorado yelp,https://www.yelp.com/biz/piglatin-truck-colorado-springs
Saltyx8ax97xc8s BBQ & Catering Bakersfield California yelp,https://www.yelp.com/biz/saltys-bbq-and-catering-bakersfield
Bayport BBQ Bayport Minnesota yelp,https://www.yelp.com/biz/bayport-bbq-bayport
Polka Restaurant & Catering Los Angeles California yelp,https://www.yelp.com/biz/polka-polish-restaurant-los-angeles-2
Show Dogs San Francisco California yelp,https://www.yelp.com/biz/show-dogs-san-francisco
Fishermanx8ax97xc8s Market Eugene Oregon yelp,https://www.yelp.com/biz/fishermans-market-eugene
Comet Ping Pong Washington D.C. yelp,https://www.yelp.com/biz/comet-ping-pong-washington
Harryx8ax97xc8s Roadhouse Santa Fe New Mexico yelp,https://www.yelp.com/biz/harrys-roadhouse-santa-fe
Andale Taqueria & Mercado Richfield Minnesota yelp,https://www.yelp.com/biz/andale-taqueria-y-mercado-richfield
Brint's Diner Wichita Kansas yelp,https://www.yelp.com/biz/brints-diner-wichita-5
Farmerx8ax97xc8s Shed Lexington South Carolina yelp,https://www.yelp.com/biz/the-farmers-shed-restaurant-lexington
Taco Bus Tampa Florida yelp,https://www.yelp.com/biz/taco-bus-tampa-8
Earlx8ax97xc8s Drive-In Chaffee New York yelp,https://www.yelp.com/biz/earls-drive-in-chaffee
Central City Cafe Huntington West Virginia yelp,https://www.yelp.com/biz/central-city-cafe-huntington
Brindle Room New York New York yelp,https://www.yelp.com/biz/brindle-room-new-york
Chaps Pit Beef Baltimore Maryland yelp,https://www.yelp.com/biz/chaps-pit-beef-baltimore
Rainbow Drive-In Honolulu Hawaii yelp,https://www.yelp.com/biz/rainbow-drive-in-honolulu
Bludso's BBQ Compton California yelp,https://www.yelp.com/biz/bludsos-bbq-compton
Andreoli x8ax97x96 Italian Grocer Scottsdale Arizona yelp,No URL Found
Ottox8ax97xc8s Sausage Portland Oregon yelp,https://www.yelp.com/biz/ottos-sausage-kitchen-and-meat-market-portland
Starlite Lounge Blawnox Pennsylvania yelp,https://www.yelp.com/biz/starlite-lounge-pittsburgh
Artiso's Salt Lake City Utah yelp,https://www.yelp.com/biz/aristos-greek-restaurant-and-cafe-salt-lake-city-2
Sunflower Cafe Sonoma California yelp,https://www.yelp.com/biz/sunflower-caffe-sonoma
South 21 Drive-In Charlotte North Carolina yelp,https://www.yelp.com/biz/south-21-drive-in-charlotte-2
Chop House Burgers Arlington Texas yelp,https://www.yelp.com/biz/chop-house-burgers-arlington-3
Delta Diner Delta Wisconsin yelp,https://www.yelp.com/biz/delta-diner-delta
The Glass Onion Charleston South Carolina yelp,https://www.yelp.com/biz/the-glass-onion-charleston
South 21 Drive In Charlotte North Carolina yelp,https://www.yelp.com/biz/south-21-drive-in-charlotte-2
Pawleyx8ax97xc8s Front Porch Columbia South Carolina yelp,https://www.yelp.com/biz/pawleys-front-porch-columbia
Meat & Bread Vancouver British Columbia yelp,https://www.yelp.com/biz/meat-and-bread-vancouver
Danny's All American Diner Tampa Florida yelp,https://www.yelp.com/biz/dannys-all-american-diner-and-dairy-bar-tampa-2
Ortegaz' Southwestern Grill Manteo North Carolina yelp,https://www.yelp.com/biz/ortegaz-southwestern-grill-and-wine-bar-manteo
Steubenx8ax97xc8s Food Service Denver Colorado yelp,https://www.yelp.com/biz/steubens-food-service-denver
Q Restaurant San Francisco California yelp,https://www.yelp.com/biz/q-restaurant-and-wine-bar-san-francisco
Louie & the Red Head Lady Mandeville Louisiana yelp,https://www.yelp.com/biz/louie-and-the-redhead-lady-mandeville-3
Gannuccix8ax97xc8s Italian Market Duluth Minnesota yelp,https://www.yelp.com/biz/gannuccis-italian-market-duluth
Charlie's Diner Spencer Massachusetts yelp,https://www.yelp.com/biz/charlies-diner-spencer
Smokey Dx8ax97xc8s BBQ Des Moines Iowa yelp,https://www.yelp.com/biz/smokey-ds-bbq-des-moines-3
Scully's Tavern Miami FL yelp,https://www.yelp.com/biz/scullys-tavern-miami
Burger Me! Truckee California yelp,https://www.yelp.com/biz/burger-me-truckee
Caponex8ax97xc8s Pub Coeur dx8ax97xc8Alene Idaho yelp,https://www.yelp.com/biz/capones-pub-and-grill-coeur-d-alene
Burger Bar Roy Utah yelp,https://www.yelp.com/biz/burger-bar-roy
Senor Sisig Food Truck San Francisco California yelp,https://www.yelp.com/biz/se%25C3%25B1or-sisig-san-francisco-3
Cafe Pita+ Houston Texas yelp,https://www.yelp.com/biz/cafe-pita-houston
Momx8ax97xc8s Tamales Los Angeles California yelp,https://www.yelp.com/biz/moms-tamales-los-angeles
Cattlemen's Steakhouse Oklahoma City Oklahoma yelp,https://www.yelp.com/biz/cattlemens-steak-house-oklahoma-city
Sweetie Pie's St. Louis Missouri yelp,https://www.yelp.com/biz/sweetie-pies-soul-food-saint-louis-2
Percy Street Barbecue Philadelphia Pennsylvania yelp,https://www.yelp.com/biz/percy-street-barbecue-philadelphia
Moochie's Meatballs & More Salt Lake City Utah yelp,https://www.yelp.com/biz/moochies-meatballs-and-more-salt-lake-city
Louie Mueller BBQ Taylor Texas yelp,https://www.yelp.com/biz/louie-mueller-barbecue-taylor
Pepe's and Mito's Dallas Texas yelp,https://www.yelp.com/biz/pepes-and-mitos-mexican-caf%25C3%25A9-dallas-2
The Anchorage Tavern Somers Point New Jersey yelp,https://www.yelp.com/biz/anchorage-tavern-restaurant-somers-point
Blue Ash Chili Restaurant Cincinnati Ohio yelp,https://www.yelp.com/biz/blue-ash-chili-cincinnati
Kelly Ox8ax97xc8s Diner Pittsburgh Pennsylvania yelp,https://www.yelp.com/biz/kelly-os-diner-pittsburgh
The Sink Boulder Colorado yelp,https://www.yelp.com/biz/the-sink-boulder
Pica Pica San Francisco California yelp,https://www.yelp.com/biz/pica-pica-arepa-kitchen-san-francisco
Bertx8ax97xc8s Burger Bowl Santa Fe New Mexico yelp,https://www.yelp.com/biz/berts-burger-bowl-santa-fe
Sammyx8ax97xc8s Food Service & Deli New Orleans Louisiana yelp,https://www.yelp.com/biz/sammys-food-service-and-deli-new-orleans
Lotus Cafe Jackson Wyoming yelp,https://www.yelp.com/biz/lotus-jackson
Merritt Canteen Inc. Bridgeport Connecticut yelp,https://www.yelp.com/biz/merritt-canteen-bridgeport
Marlowe's Ribs Memphis Tennessee yelp,https://www.yelp.com/biz/marlowes-ribs-and-restaurant-memphis-2
Pizza Junction North Tonawanda New York yelp,https://www.yelp.com/biz/pizza-junction-north-tonawanda
Johnny Garlic's Santa Rosa California yelp,https://www.yelp.com/biz/johnny-garlics-santa-rosa-6
Caplansky's Toronto Ontario Canada yelp,https://www.yelp.com/biz/caplanskys-delicatessen-toronto
Mediterraneo Caffe Providence Rhode Island yelp,https://www.yelp.com/biz/mediterraneo-providence
Eischenx8ax97xc8s Bar Okarche Oklahoma yelp,https://www.yelp.com/biz/eischens-bar-okarche
BB's Lawnside BBQ Kansas City Missouri yelp,https://www.yelp.com/biz/b-b-s-lawnside-bbq-kansas-city
Honeyx8ax97xc8s Sit-N-Eat Philadelphia Pennsylvania yelp,https://www.yelp.com/biz/honeys-sit-n-eat-philadelphia
Voulax8ax97xc8s Offshore Cafe Seattle Washington yelp,https://www.yelp.com/biz/voulas-offshore-cafe-seattle
Brats Brothers Sherman Oaks California yelp,https://www.yelp.com/biz/brats-brothers-sherman-oaks
The Ritz Diner Livingston New Jersey yelp,https://www.yelp.com/biz/ritz-diner-livingston
Counter Cafe Austin Texas yelp,https://www.yelp.com/biz/counter-cafe-austin
South Philadelphia Tap Room Philadelphia Pennsylvania yelp,https://www.yelp.com/biz/south-philadelphia-tap-room-philadelphia-3
Lito's Mexican Restaurant Santa Barbara California yelp,https://www.yelp.com/biz/litos-take-out-santa-barbara
J.J. McBrewsterx8ax97xc8s Lexington Kentucky yelp,https://www.yelp.com/biz/jj-mcbrewsters-lexington
Colossal Cafe Minneapolis Minnesota yelp,https://www.yelp.com/biz/colossal-caf%25C3%25A9-saint-paul-2
W.O.W. - Worth Our Weight Santa Rosa California yelp,https://www.yelp.com/biz/worth-our-weight-santa-rosa
Tioli's Crazee Burger San Diego California yelp,https://www.yelp.com/biz/crazee-burger-san-diego-3
Smokin Guns BBQ & Catering Kansas City Missouri yelp,https://www.yelp.com/biz/smokin-guns-bbq-and-catering-north-kansas-city
Hodadx8ax97xc8s Ocean Beach California yelp,https://www.yelp.com/biz/hodads-san-diego
Monte Carlo Steak House Albuquerque New Mexico yelp,https://www.yelp.com/biz/monte-carlo-steak-house-albuquerque-2
Gold 'N Silver Inn Reno Nevada yelp,https://www.yelp.com/biz/gold-n-silver-inn-reno
Jimtown Store Healdsburg California yelp,https://www.yelp.com/biz/jimtown-store-healdsburg-2
Mas Tacos Nashville Tennessee yelp,https://www.yelp.com/biz/mas-tacos-nashville
Rick & Annx8ax97xc8s Restaurant Berkeley California yelp,https://www.yelp.com/biz/rick-and-anns-berkeley-2
Wilsonx8ax97xc8s Holy Smoke BBQ Fairfield Connecticut yelp,https://www.yelp.com/biz/wilsons-barbeque-fairfield
Save On Meats Vancouver British Columbia yelp,https://www.yelp.com/biz/save-on-meats-vancouver
Galewood Cook Shack Chicago Illinois yelp,https://www.tvfoodies.com/states/illinois%3Fpagesize%3D100
Memphis Barbecue Co. Horn Lake Mississippi yelp,https://www.yelp.com/biz/memphis-barbecue-company-horn-lake-2
Waddellx8ax97xc8s Pub & Grille Spokane Washington yelp,https://www.yelp.com/biz/waddells-pub-and-grill-spokane
Zest Indianapolis Indiana yelp,https://www.yelp.com/biz/zest-exciting-food-creations-indianapolis-3
La Taverna dei Miracoli da Mangiafuoco Toscana Italy yelp,https://www.yelp.com/biz/la-taverna-dei-miracoli-collodi
Magnolia Cafe Austin Texas yelp,https://www.yelp.com/biz/magnolia-cafe-austin
Yankee Lobster Company Boston Massachusetts yelp,https://www.yelp.com/biz/yankee-lobster-boston
Broken Record San Francisco California yelp,https://www.yelp.com/biz/broken-record-san-francisco
Mert's Heart & Soul Charlotte North Carolina yelp,https://www.yelp.com/biz/merts-heart-and-soul-charlotte
The Bagel Delicatessen & Restaurant Denver Colorado yelp,https://www.yelp.com/biz/the-bagel-deli-and-restaurant-denver-3
Sam's Rialto Bar & Grill Pleasantville New Jersey yelp,https://www.yelp.com/biz/sams-rialto-bar-and-grill-pleasantville-2
Harold's Cafe Gaffney South Carolina yelp,https://www.yelp.com/biz/harolds-restaurant-gaffney
Sage General Store Queens New York yelp,https://www.yelp.com/biz/sage-roadhouse-long-island-city
Gazala's Place Manhattan New York yelp,https://www.yelp.com/biz/gazalas-new-york-23
Smalleyx8ax97xc8s Caribbean Barbeque Stillwater Minnesota yelp,https://www.yelp.com/biz/smalleys-caribbean-barbeque-and-pirate-bar-stillwater
Pastabilities Syracuse New York yelp,https://www.yelp.com/biz/pastabilities-syracuse
Muertos Kitchen & Lounge Bakersfield California yelp,https://www.yelp.com/biz/muertos-kitchen-and-lounge-bakersfield-2
The Barking Dog Indianapolis Indiana yelp,https://www.yelp.com/biz/barking-dog-cafe-indianapolis
Doumar's Norfolk Virginia yelp,https://www.yelp.com/biz/doumars-cones-and-barbecue-norfolk
Nickel Diner Los Angeles California yelp,https://www.yelp.com/biz/nickel-diner-los-angeles-2
Dell Rhea's Chicken Basket Willowbrook Illinois yelp,https://www.yelp.com/biz/dell-rheas-chicken-basket-willowbrook
Louiex8ax97xc8s Dallas Texas yelp,https://www.yelp.com/biz/louies-dallas
Zia Diner & Angel Food Catering Santa Fe New Mexico yelp,https://www.yelp.com/biz/zia-diner-santa-fe
Cafe on the Route Baxter Springs Kansas yelp,https://www.yelp.com/biz/cafe-on-the-route-baxter-springs-2
Virginia Diner Wakefield Virginia yelp,https://www.yelp.com/biz/virginia-diner-wakefield-2
Golden Crown Restaurant Albuquerque New Mexico yelp,https://www.yelp.com/biz/golden-crown-panaderia-albuquerque
Murphyx8ax97xc8s Bar & Grill Honolulu Hawaii yelp,https://www.yelp.com/biz/murphys-bar-and-grill-honolulu
Ox8ax97xc8Rourkex8ax97xc8s Diner Middletown Connecticut yelp,https://www.yelp.com/biz/o-rourkes-diner-middletown
Bub and Pop's Washington DC yelp,https://www.yelp.com/biz/bub-and-pops-washington
Leo's BBQ Oklahoma City Oklahoma yelp,https://www.yelp.com/biz/leos-barbeque-oklahoma-city
Mo Gridder's BBQ Bronx New York yelp,https://www.yelp.com/biz/mogridders-bbq-bronx
Center Point Pit Barbecue Hendersonville Tennessee yelp,https://www.yelp.com/biz/center-point-barbecue-hendersonville
Taco Taco Cafe San Antonio Texas yelp,https://www.yelp.com/biz/taco-taco-cafe-san-antonio
Panini Pete's Fairhope Alabama yelp,https://www.yelp.com/biz/panini-petes-fairhope
Tortugas' Lie Nags Head North Carolina yelp,https://www.yelp.com/biz/tortugas-lie-nags-head-2
Bless My Soul Eureka California yelp,https://www.yelp.com/biz/bless-my-soul-cafe-eureka
Greek Corner Restaurant Cambridge Massachusetts yelp,https://www.yelp.com/biz/greek-corner-restaurant-cambridge
Hightstown Diner Hightstown New Jersey yelp,https://www.yelp.com/biz/hightstown-diner-hightstown
Stockyards Smokehouse and Larder Toronto Ontario Canada yelp,https://www.yelp.com/biz/the-stockyards-toronto
Caffe Nonna Nashville Tennessee yelp,https://www.yelp.com/biz/caff%25C3%25A9-nonna-nashville-2
Big Star Diner Bainbridge Island Washington yelp,https://www.yelp.com/biz/the-madison-diner-bainbridge-island
Emilyx8ax97xc8s Lebanese Deli Minneapolis Minnesota yelp,https://www.yelp.com/biz/emilys-lebanese-delicatessen-minneapolis
Super Duper Weenie Fairfield Connecticut yelp,https://www.yelp.com/biz/super-duper-weenie-fairfield
Athens Family Restaurant Nashville Tennessee yelp,https://www.yelp.com/biz/athens-family-restaurant-nashville
The Latin House Miami Florida yelp,https://www.yelp.com/biz/latin-house-grill-miami-3
Baby Blues BBQ Venice California yelp,https://www.yelp.com/biz/baby-blues-bbq-venice-venice
Smoque Chicago Illinois yelp,https://www.yelp.com/biz/smoque-bbq-chicago
The Lobster Shanty Salem Massachusetts yelp,https://www.yelp.com/biz/the-lobster-shanty-salem
Blue Moon Cafe Baltimore Maryland yelp,https://www.yelp.com/biz/blue-moon-cafe-baltimore
The Fish House Key Largo Florida yelp,https://www.yelp.com/biz/the-fish-house-key-largo
Skylark Diner Edison New Jersey yelp,https://www.yelp.com/biz/skylark-diner-edison
Surreyx8ax97xc8s Cafe New Orleans Louisiana yelp,https://www.yelp.com/biz/surreys-caf%25C3%25A9-and-juice-bar-new-orleans-2
The Tamale Place Indianapolis Indiana yelp,https://www.yelp.com/biz/the-tamale-place-indianapolis
Pizza Palace Knoxville Tennessee yelp,https://www.yelp.com/biz/pizza-palace-knoxville
Texas Pride BBQ Adkins Texas yelp,https://www.yelp.com/biz/texas-pride-barbecue-adkins
55 South Franklin Tennessee yelp,https://www.yelp.com/biz/55-south-franklin
Golden Crown Panaderia Albuquerque New Mexico yelp,https://www.yelp.com/biz/golden-crown-panaderia-albuquerque
Sammyx8ax97xc8s Bistro Park City Utah yelp,https://www.yelp.com/biz/sammys-bistro-park-city-2
Jamaica Gates Caribbean Cuisine Arlington Texas yelp,https://www.yelp.com/biz/jamaica-gates-caribbean-cuisine-arlington
Donx8ax97xc8s Hilltop Kodiak Grill Boise Idaho yelp,https://www.yelp.com/biz/kodiak-grill-boise
Fuel Cantina Charleston South Carolina yelp,https://www.yelp.com/biz/fuel-charleston-2
Thee Pitts Again Silverton Colorado yelp,https://www.yelp.com/biz/thee-pitts-again-silverton
Miller's East Coast Deli San Francisco California yelp,https://www.yelp.com/biz/millers-east-coast-deli-san-francisco
Joey Kx8ax97xc8s Restaurant & Bar New Orleans Louisiana yelp,https://www.yelp.com/biz/joey-ks-restaurant-and-bar-new-orleans
Roberto's Mexican Food Phoenix Arizona yelp,https://www.yelp.com/biz/robertos-mexican-food-phoenix-2
Pretzel Cart Ferndale California yelp,https://www.yelp.com/biz/disneylands-pretzel-cart-anaheim
Joe Squared Pizza Baltimore Maryland yelp,https://www.yelp.com/biz/joe-squared-pizza-baltimore
Flakowitz of Boynton Boynton Beach Florida yelp,https://www.yelp.com/biz/flakowitz-of-boynton-boynton-beach
Picabu Neighborhood Bistro Spokane Washington yelp,https://www.yelp.com/biz/picabu-neighborhood-bistro-spokane
Lake Effect Diner Buffalo New York yelp,https://www.yelp.com/biz/lake-effect-diner-buffalo-2
Emma Jean's Holland Burger Cafe Victorville California yelp,https://www.yelp.com/biz/emma-jeans-holland-burger-cafe-victorville
Blackthorn Restaurant & Pub Buffalo New York yelp,https://www.yelp.com/biz/blackthorn-restaurant-and-pub-buffalo
Jamaicaway Nashville Tennessee yelp,https://www.yelp.com/biz/jamaicaway-restaurant-and-catering-nashville-2
Geechee Girl Rice Cafe Philadelphia Pennsylvania yelp,https://www.yelp.com/biz/geechee-girl-rice-cafe-philadelphia
Island Frydays Cincinnati Ohio yelp,https://www.yelp.com/biz/island-frydays-cincinnati
R&R Taqueria Elkridge Maryland yelp,https://www.yelp.com/biz/r-and-r-taqueria-elkridge-2
Betox8ax97xc8s Comida Latina San Antonio Texas yelp,https://www.yelp.com/biz/betos-alt-mex-san-antonio
Smokey Valley Truck Stop Olive Hill Kentucky yelp,https://www.yelp.com/biz/smokey-valley-truck-stop-olive-hill
Captain Chuck A Mucks Rescue Virginia yelp,https://www.yelp.com/biz/captain-chuck-a-mucks-sandbar-and-grill-carrollton
Byways Cafe Portland Oregon yelp,https://www.yelp.com/biz/byways-cafe-portland
Osaka Japanese Bistro Las Vegas Nevada yelp,https://www.yelp.com/biz/osaka-japanese-bistro-las-vegas
Swagger Fine Spirits & Food Kansas City Missouri yelp,https://www.yelp.com/biz/swagger-fine-spirits-and-food-kansas-city
Town Talk Diner Minneapolis Minnesota yelp,https://www.yelp.com/biz/town-talk-diner-and-gastropub-minneapolis
Tampa Bay Brewing Co. Tampa Florida yelp,https://www.yelp.com/biz/tampa-bay-brewing-company-tampa
Glennx8ax97xc8s Diner Chicago Illinois yelp,https://www.yelp.com/biz/glenns-diner-chicago
Bootx8ax97xc8s and Kimox8ax97xc8s Homestyle Kitchen Kailua Hawaii yelp,https://www.yelp.com/biz/boots-and-kimos-homestyle-kitchen-kailua
The Blue Door Pub St. Paul Minnesota yelp,https://www.yelp.com/biz/the-blue-door-pub-minneapolis
Taylor's Automatic Refresher St. Helena California yelp,https://www.yelp.com/biz/gotts-roadside-saint-helena-2
Rinox8ax97xc8s Place East Boston Massachusetts yelp,https://www.yelp.com/biz/rinos-place-boston
Bobx8ax97xc8s Clam Hut Kittery Maine yelp,https://www.yelp.com/biz/bobs-clam-hut-kittery-2
Mustache Billx8ax97xc8s Barnegat Light New Jersey yelp,https://www.yelp.com/biz/mustache-bills-diner-barnegat-light
Little Tea Shop Memphis Tennessee yelp,https://www.yelp.com/biz/the-little-tea-shop-memphis
Industrial Cafe & Saloon Portland Oregon yelp,https://www.yelp.com/biz/industrial-cafe-and-saloon-portland
Atomic Cowboy Denver Colorado yelp,https://www.yelp.com/biz/the-atomic-cowboy-denver-4
Mike's Chili Parlor Seattle Washington yelp,https://www.yelp.com/biz/mikes-chili-parlor-seattle
White Manna Hamburgers Hackensack New Jersey yelp,https://www.yelp.com/biz/white-manna-hackensack
Grinders Pizza Kansas City Missouri yelp,https://www.yelp.com/biz/grinders-kansas-city
Smalley's Caribbean Barbeque Stillwater Minnesota yelp,https://www.yelp.com/biz/smalleys-caribbean-barbeque-and-pirate-bar-stillwater
Louis Family Restaurant Providence Rhode Island yelp,https://www.yelp.com/biz/louis-family-restaurant-providence
bopNgrill Chicago Illinois yelp,https://www.yelp.com/biz/bopngrill-chicago-3
Tupelo Cambridge Massachusetts yelp,https://www.yelp.com/biz/tupelo-cambridge-3
Edelweiss Sausage & Delicatessen Portland Oregon yelp,https://www.yelp.com/biz/edelweiss-sausage-co-and-delicatessen-portland
Clarkston Union Bar & Kitchen Clarkston Michigan yelp,https://www.yelp.com/biz/clarkston-union-bar-and-kitchen-clarkston
Piccini Wood Fired Brick Oven Pizza Ocean City NJ yelp,https://www.yelp.com/biz/piccini-wood-fired-brick-oven-pizza-ocean-city
Santa Cruz Diner Santa Cruz California yelp,https://www.yelp.com/biz/santa-cruz-diner-santa-cruz
Bocadillas: Slow Roasted Sandwich Shop Albuquerque New Mexico yelp,https://www.yelp.com/biz/bocadillos-slow-roasted-albuquerque
Brox8ax97xc8s Cajun Cuisine Nashville Tennessee yelp,https://www.yelp.com/biz/bros-cajun-cuisine-nashville
Sidecar Brooklyn New York yelp,https://www.yelp.com/biz/sidecar-brooklyn-3
Backroad Pizza Santa Fe New Mexico yelp,https://www.yelp.com/biz/back-road-pizza-santa-fe
Jawaiian Irie Jerk Restaurant Honolulu Hawaii yelp,https://www.yelp.com/biz/jawaiian-irie-jerk-restaurant-honolulu
Tip Top Cafe San Antonio Texas yelp,https://www.yelp.com/biz/tip-top-cafe-san-antonio-2
Pamx8ax97xc8s Kitchen Seattle Washington yelp,https://www.yelp.com/biz/pams-kitchen-seattle-4
Lone Star Taqueria Salt Lake City Utah yelp,https://www.yelp.com/biz/lone-star-taqueria-salt-lake-city-2
Lauer-Krauts Brighton Colorado yelp,https://www.yelp.com/biz/lauer-krauts-brighton
The Wild Thaiger Phoenix Arizona yelp,https://www.yelp.com/biz/wild-thaiger-phoenix
Studio Diner San Diego California yelp,https://www.yelp.com/biz/studio-diner-san-diego
The Highlander Atlanta Georgia yelp,https://www.yelp.com/biz/the-highlander-atlanta
Beach Pub Virginia Beach Virginia yelp,https://www.yelp.com/biz/beach-pub-virginia-beach
900 Grayson Restaurant Berkeley California yelp,https://www.yelp.com/biz/900-grayson-berkeley-2
Alewife Baltimore Baltimore Maryland yelp,https://www.yelp.com/biz/alewife-baltimore-baltimore
Big & Littles Chicago Illinois yelp,https://www.yelp.com/biz/big-and-littles-restaurant-chicago-3
Daddypops Hatboro Pennsylvania yelp,https://www.yelp.com/biz/daddypops-hatboro
Get Fresh Cafe Norfolk Virginia yelp,https://www.yelp.com/biz/get-fresh-cafe-norfolk
Chaps Coffee Co. Spokane Washington yelp,https://www.yelp.com/biz/chaps-coffee-spokane
Tomx8ax97xc8s Thumb Fresh Market Scottsdale Arizona yelp,https://www.yelp.com/biz/toms-thumb-fresh-market-scottsdale
The Creole Creamery New Orleans Louisiana yelp,https://www.yelp.com/biz/creole-creamery-new-orleans
Maria Empanada Denver Colorado yelp,https://www.yelp.com/biz/maria-empanada-greenwood-village
Tick Tock Diner Clifton New Jersey yelp,https://www.yelp.com/biz/tick-tock-diner-clifton
Benx8ax97xc8s Best Deli Queens New York yelp,https://www.yelp.com/biz/bens-best-rego-park-2
The Liberty Elm Diner Providence Rhode Island yelp,https://www.yelp.com/biz/the-liberty-elm-diner-providence-2
Mahoneyx8ax97xc8s Po-Boy Shop New Orleans Louisiana yelp,https://www.yelp.com/biz/mahonys-po-boys-and-seafood-new-orleans
Dough Pizzeria Napoletana San Antonio Texas yelp,https://www.yelp.com/biz/dough-pizzeria-napoletana-san-antonio
Casper & Runyon's Nook St. Paul Minnesota yelp,https://www.yelp.com/biz/caspers-and-runyons-nook-saint-paul
Buttermilk Kitchen Atlanta Georgia yelp,https://www.yelp.com/biz/buttermilk-kitchen-atlanta
Johnnyx8ax97xc8s Bar-B-Q Mission Kansas yelp,https://www.yelp.com/biz/johnnys-bbq-shawnee-mission-3
Pickle Jar Kitchen Falmouth Massachusetts yelp,https://www.yelp.com/biz/pickle-jar-kitchen-falmouth
Aldox8ax97xc8s Harbor Restaurant Santa Cruz California yelp,https://www.yelp.com/biz/aldos-harbor-restaurant-santa-cruz
Ingridx8ax97xc8s Kitchen Oklahoma City Oklahoma yelp,https://www.yelp.com/biz/ingrids-kitchen-oklahoma-city-2
Poke Stop at Mililana Mauka Llc. Mililani Hawaii yelp,https://www.yelp.com/biz/poke-stop-mililani
Folk Art Atlanta Georgia yelp,https://www.yelp.com/biz/folk-art-atlanta-2
Norax8ax97xc8s Fish Creek Inn Wilson Wyoming yelp,https://www.yelp.com/biz/noras-fish-creek-inn-wilson
Mi Patria Ecuadorian Restaurant West Des Moines Iowa yelp,https://www.yelp.com/biz/mi-patria-west-des-moines
Paradise Pup Des Plaines Illinois yelp,https://www.yelp.com/biz/paradise-pup-des-plaines
13 Gypsies Jacksonville Florida yelp,https://www.yelp.com/biz/13-gypsies-jacksonville-2
Louie Mueller's Barbecue Taylor Texas yelp,https://www.yelp.com/biz/louie-mueller-barbecue-taylor
Leonard's BBQ Memphis Tennessee yelp,https://www.yelp.com/biz/leonards-pit-barbecue-memphis
Standard Diner Albuquerque New Mexico yelp,https://www.yelp.com/biz/standard-diner-albuquerque
Windows On The World (Ristorante WOW) Montecatini Terme Italy yelp,https://www.yelp.com/biz/ristorante-w-o-w-montecatini-terme
White Palace Grill Chicago Illinois yelp,https://www.yelp.com/biz/white-palace-grill-chicago
Soup Nation Eugene Oregon yelp,https://www.yelp.com/biz/soup-nation-eugene
Emilyx8ax97xc8s Lebanese Delicatessen Minneapolis Minnesota yelp,https://www.yelp.com/biz/emilys-lebanese-delicatessen-minneapolis
The Coffee Cup Boulder City Nevada yelp,https://www.yelp.com/biz/the-coffee-cup-boulder-city
Tortilleria Nixtamal Queens New York yelp,https://www.yelp.com/biz/tortilleria-nixtamal-corona-4
T-Bone Tomx8ax97xc8s Steakhouse Kemah Texas yelp,https://www.yelp.com/biz/t-bone-toms-kemah-2
Eveready Diner Hyde Park New York yelp,https://www.yelp.com/biz/eveready-diner-hyde-park
Jethros Fine Grub Vancouver British Columbia yelp,https://www.yelp.com/biz/jethros-fine-grub-vancouver
Fratelli Briganti Firenze Italy yelp,https://www.yelp.com/biz/fratelli-briganti-firenze
Silk City Diner Philadelphia Pennsylvania yelp,https://www.yelp.com/biz/silk-city-diner-and-lounge-philadelphia
Mauix8ax97xc8s Dog House Wildwood New Jersey yelp,https://www.yelp.com/biz/mauis-dog-house-north-wildwood
Back Street Bistro Santa Fe New Mexico yelp,https://www.yelp.com/biz/back-street-bistro-santa-fe
Blunch Boston Massachusetts yelp,https://www.yelp.com/biz/blunch-boston
The Depot American Diner Chicago Illinois yelp,https://www.yelp.com/biz/depot-diner-chicago-2
Duarte's Tavern Pescadero California yelp,https://www.yelp.com/biz/duartes-tavern-pescadero
Spice Island Grill Colorado Springs Colorado yelp,https://www.yelp.com/biz/spice-island-grill-colorado-springs
Voula's Offshore Cafe Seattle Washington yelp,https://www.yelp.com/biz/voulas-offshore-cafe-seattle
Duckx8ax97xc8s Eatery Manhattan New York yelp,https://www.yelp.com/biz/ducks-eatery-new-york-2
The General Store Silver Spring Maryland yelp,https://www.yelp.com/biz/the-general-store-silver-spring
Marla's Caribbean Cuisine Minneapolis Minnesota yelp,https://www.yelp.com/biz/marlas-caribbean-cuisine-minneapolis-2
Mustache Bill's Barnegat Light New Jersey yelp,https://www.yelp.com/biz/mustache-bills-diner-barnegat-light
The Shanty Wadsworth Illinois yelp,https://www.yelp.com/biz/the-shanty-wadsworth
Mike's City Diner Boston Massachusetts yelp,https://www.yelp.com/biz/mikes-city-diner-boston
Lankford Grocery Houston Texas yelp,https://www.yelp.com/biz/lankford-grocery-houston
Jamaican Jerk Hut Philadelphia Pennsylvania yelp,https://www.yelp.com/biz/jamaican-jerk-hut-philadelphia
The Ace Toronto Ontario Canada yelp,https://www.yelp.com/biz/the-ace-toronto
Trina's Starlite Lounge Somerville Massachusetts yelp,https://www.yelp.com/biz/trinas-starlite-lounge-somerville-2
Sterlex8ax97xc8s Slovenian Country House Cleveland Ohio yelp,https://www.yelp.com/biz/sterles-country-house-cleveland
Flakowitz of Boynton Bakery & Deli Restaurant Boynton Beach Florida yelp,https://www.yelp.com/biz/flakowitz-of-boynton-boynton-beach
Cafe Rolle Sacramento California yelp,https://www.yelp.com/biz/cafe-rolle-sacramento-3
Red Arrow Diner Manchester New Hampshire yelp,https://www.yelp.com/biz/the-red-arrow-diner-manchester-2
Front Range Barbeque Colorado Springs Colorado yelp,https://www.yelp.com/biz/front-range-barbeque-colorado-springs
Koja Kitchen Food Truck San Francisco California yelp,https://www.yelp.com/biz/koja-kitchen-san-francisco-7
Tomahawk Restaurant North Vancouver British Columbia yelp,https://www.yelp.com/biz/tomahawk-barbeque-north-vancouver
Boulevard Diner Dundalk Colorado yelp,https://www.yelp.com/biz/boulevard-diner-dundalk
24th Street Cafe Bakersfield California yelp,https://www.yelp.com/biz/24th-street-cafe-bakersfield
The Cove San Antonio Texas yelp,https://www.yelp.com/biz/the-cove-san-antonio
Falafel's Drive-In San Jose California yelp,https://www.yelp.com/biz/falafels-drive-in-san-jose
Surrey's Cafe New Orleans Louisiana yelp,https://www.yelp.com/biz/surreys-caf%25C3%25A9-and-juice-bar-new-orleans-2
Eastside Market Italian Deli Los Angeles California yelp,https://www.yelp.com/biz/eastside-market-italian-deli-los-angeles-4
Beer Belly Los Angeles California yelp,https://www.yelp.com/biz/beer-belly-los-angeles-2
Swallow at the Hollow Baltimore Maryland yelp,https://www.yelp.com/biz/swallow-at-the-hollow-baltimore
Southern Soul Barbeque St. Simons Island Georgia yelp,https://www.yelp.com/biz/southern-soul-barbeque-saint-simons-island-2
Tufanox8ax97xc8s Vernon Park Tap Chicago Illinois yelp,https://www.yelp.com/biz/tufanos-vernon-park-tap-chicago
Torinos Albuquerque New Mexico yelp,https://www.yelp.com/biz/torinos-home-albuquerque
Hopleaf Bar Chicago Illinois yelp,https://www.yelp.com/biz/hopleaf-chicago
Union Wood Shop Clarkston Michigan yelp,https://www.yelp.com/biz/union-woodshop-clarkston
Taste of Belgium Cincinnati Ohio yelp,https://www.yelp.com/biz/taste-of-belgium-cincinnati-10
OB Noodle House Ocean Beach California yelp,https://www.yelp.com/biz/ob-noodle-house-san-diego
Mama E's Oklahoma City yelp,https://www.yelp.com/biz/mama-es-wings-and-waffles-oklahoma-city
Putah Creek Cafe Winters California yelp,https://www.yelp.com/biz/putah-creek-cafe-winters
Southern Kitchen Restaurant Tacoma Washington yelp,https://www.yelp.com/biz/southern-kitchen-tacoma
Tee Off Bar & Grill San Francisco California yelp,https://www.yelp.com/biz/tee-off-bar-and-grill-san-francisco
Jay Bee's Bar-B-Que Gardena California yelp,https://www.yelp.com/biz/jay-bees-bar-b-q-gardena-3
Giustix8ax97xc8s Walnut Grove California yelp,https://www.yelp.com/biz/giustis-walnut-grove
Duluth Grill Duluth Minnesota yelp,https://www.yelp.com/biz/duluth-grill-duluth
Oh Mai Holladay Utah yelp,https://www.yelp.com/biz/oh-mai-salt-lake-city-2
Avilax8ax97xc8s Cafe Dallas Texas yelp,https://www.yelp.com/biz/avilas-mexican-restaurant-dallas
Fresh Local Wild Vancouver British Columbia yelp,https://www.yelp.com/biz/wildtale-coastal-grill-vancouver
Highway 61 Roadhouse and Kitchen Webster Groves Missouri yelp,https://www.yelp.com/biz/hwy-61-roadhouse-and-kitchen-saint-louis
Whisk Gourmet Miami Florida yelp,https://www.yelp.com/biz/whisk-gourmet-food-and-catering-miami-2
Clendenenx8ax97xc8s Cider Works Fortuna California yelp,https://www.yelp.com/biz/clendenens-cider-works-fortuna
The Blue-Eyed Crab Caribbean Grill & Rum Bar Plymouth Massachusetts yelp,https://www.yelp.com/biz/blue-eyed-crab-caribbean-grill-and-rum-bar-plymouth
Angela's Cafe East Boston Massachusetts yelp,https://www.yelp.com/biz/angelas-cafe-boston-4
Cafe Nooner Eureka California yelp,https://www.yelp.com/biz/cafe-nooner-eureka-3
Southside Soda Shop and Diner Goshen Indiana yelp,https://www.yelp.com/biz/south-side-soda-shop-goshen-2
Dana's Kitchen Falmouth Massachusetts yelp,https://www.yelp.com/biz/danas-kitchen-falmouth
Sammy's Food Services & Deli New Orleans Louisiana yelp,https://www.yelp.com/biz/sammys-food-service-and-deli-new-orleans
Hildebrandtx8ax97xc8s Williston Park New York yelp,https://www.yelp.com/biz/hildebrandts-williston-park
Mama Cozzax8ax97xc8s Anaheim California yelp,https://www.yelp.com/biz/mama-cozzas-anaheim
Ottox8ax97xc8s Sausage Kitchen & Meat Market Portland Oregon yelp,https://www.yelp.com/biz/ottos-sausage-kitchen-and-meat-market-portland
Ferndale Meat Co. Ferndale California yelp,https://www.yelp.com/biz/ferndale-meat-ferndale
Taste of Peru Chicago Illinois yelp,https://www.yelp.com/biz/taste-of-peru-chicago-3
Good Dog Bar & Restaurant Philadelphia Pennsylvania yelp,https://www.yelp.com/biz/good-dog-bar-philadelphia
Benny's Seafood Restaurant South Miami Florida yelp,https://www.yelp.com/biz/bennys-seafood-restaurant-miami-3
Germainex8ax97xc8s Luau Kapolei Hawaii yelp,https://www.yelp.com/biz/germaines-luau-kapolei
YJ's Snack Bar Kansas City Missouri yelp,https://www.yelp.com/biz/yjs-snack-bar-kansas-city
Big Daddy's BBQ & Banquet Fairbanks Alaska yelp,https://www.yelp.com/biz/big-daddys-barb-q-fairbanks
North End Cafe Manhattan Beach California yelp,https://www.yelp.com/biz/north-end-cafe-manhattan-beach-3
John Mullx8ax97xc8s Road Kill Grill Las Vegas Nevada yelp,https://www.yelp.com/biz/john-mulls-meats-and-road-kill-grill-las-vegas-2
La Texanita Santa Rosa California yelp,https://www.yelp.com/biz/la-texanita-santa-rosa-2
Nadine's Restaurant Pittsburgh Pennsylvania yelp,https://www.yelp.com/biz/nadines-pittsburgh
The Sparrow Tavern Queens New York yelp,https://www.yelp.com/biz/the-sparrow-tavern-astoria
La Camoronera Restaurant & Fish Market Miami Florida yelp,https://www.yelp.com/biz/la-camaronera-seafood-joint-and-fish-market-miami-2
Maple & Motor Dallas Texas yelp,https://www.yelp.com/biz/maple-and-motor-dallas
Cempazuchi Milwaukee Wisconsin yelp,https://www.yelp.com/biz/cempazuchi-milwaukee
Naglee Park Garage San Jose California yelp,https://www.yelp.com/biz/naglee-park-garage-san-jose
Norton's Pastrami & Deli Santa Barbara California yelp,https://www.yelp.com/biz/nortons-pastrami-and-deli-santa-barbara-2
Frank's Diner Kenosha Wisconsin yelp,https://www.yelp.com/biz/franks-diner-kenosha
Tune In Restaurant Washington D.C. yelp,https://www.yelp.com/biz/tune-inn-washington
Jambo Cafe Santa Fe New Mexico yelp,https://www.yelp.com/biz/jambo-cafe-santa-fe
Shucker's World Famous Raw Bar Woods Hole Massachusetts yelp,https://www.yelp.com/biz/shuckers-woods-hole
Picax8ax97xc8s Mexican Taqueria Jackson Wyoming yelp,https://www.yelp.com/biz/picas-mexican-taqueria-jackson-2
Psycho Suzie's Motor Lounge Minneapolis Minnesota yelp,https://www.yelp.com/biz/psycho-suzis-motor-lounge-minneapolis-2
Northern Waters Smokehaus Duluth Minnesota yelp,https://www.yelp.com/biz/northern-waters-smokehaus-duluth
Ruthx8ax97xc8s Diner Salt Lake City Utah yelp,https://www.yelp.com/biz/ruths-diner-salt-lake-city
Cannery Row Brewing Company Monterey California yelp,https://www.yelp.com/biz/cannery-row-brewing-company-monterey
Porthole Restaurant Portland Maine yelp,https://www.yelp.com/biz/the-porthole-restaurant-and-pub-portland
Joy Cafe Atlanta Georgia yelp,https://www.yelp.com/biz/joy-cafe-atlanta
Brewburger's Omaha Nebraska yelp,https://www.yelp.com/biz/brewburgers-omaha-3
Crown Bar Tacoma Washington yelp,https://www.yelp.com/biz/crown-bar-tacoma
The Country Cat Portland Oregon yelp,https://www.yelp.com/biz/the-country-cat-dinnerhouse-and-bar-portland
Georgex8ax97xc8s Place Cape May New Jersey yelp,https://www.yelp.com/biz/georges-place-cape-may
Afrah Richardson Texas yelp,https://www.yelp.com/biz/afrah-restaurant-richardson-2
Woodyard Bar-B-Que Kansas City Kansas yelp,https://www.yelp.com/biz/woodyard-bar-b-que-kansas-city-3
Elk Public House Spokane Washington yelp,https://www.yelp.com/biz/the-elk-public-house-spokane
Black Tree Manhattan New York yelp,https://www.yelp.com/biz/black-tree-new-york
The Golden State Los Angeles California yelp,https://www.yelp.com/biz/the-golden-state-los-angeles
Louisx8ax97xc8 Basque Corner Reno Nevada yelp,https://www.yelp.com/biz/louis-basque-corner-reno
Angelo's Civito Farnese Providence Rhode Island yelp,https://www.yelp.com/biz/angelos-civita-farnese-providence
Beacon Drive-In Spartanburg South Carolina yelp,https://www.yelp.com/biz/the-beacon-drive-in-spartanburg
Moo Creamery Bakersfield California yelp,https://www.yelp.com/biz/moo-creamery-bakersfield
La Isla Restaurant Hoboken New Jersey yelp,https://www.yelp.com/biz/la-isla-restaurant-hoboken
The General Muir Atlanta Georgia yelp,https://www.yelp.com/biz/the-general-muir-atlanta
Sol Food Puerto Rican Cuisine San Rafael California yelp,https://www.yelp.com/biz/sol-food-san-rafael-3
Barbecue King Drive-In Charlotte North Carolina yelp,https://www.yelp.com/biz/bar-b-q-king-charlotte
La Pines Cafe Slidell Louisiana yelp,https://www.yelp.com/biz/la-pines-cafe-slidell
Anthony's Seafood Middletown Rhode Island yelp,https://www.yelp.com/biz/anthonys-seafood-restaurant-middletown
Hey Meatball Toronto Ontario Canada yelp,https://www.yelp.com/biz/hey-meatball-toronto
Rosedale Diner Toronto Ontario Canada yelp,https://www.yelp.com/biz/rosedale-diner-toronto
Giuseppex8ax97xc8s Restaurant Phoenix Arizona yelp,https://www.yelp.com/biz/giuseppes-on-28th-phoenix
PotPie Kansas City Missouri yelp,https://www.yelp.com/biz/potpie-kansas-city
Fish Tale Brew Pub Olympia Washington yelp,https://www.yelp.com/biz/fish-tale-brewpub-olympia
Camille's on Wheels Kailua Hawaii yelp,https://www.yelp.com/biz/camilles-on-wheels-kailua
The Redhead Manhattan New York yelp,https://www.yelp.com/biz/the-redhead-new-york
Rickx8ax97xc8s Press Room & Grill Meridian Idaho yelp,https://www.yelp.com/biz/ricks-press-room-grill-and-bar-meridian
The Wienery Minneapolis Minnesota yelp,https://www.yelp.com/biz/the-wienery-minneapolis
PDX671 Food Trailer Portland Oregon yelp,https://www.yelp.com/biz/pdx-six-seven-one-portland
Di Pasqualex8ax97xc8s Baltimore Maryland yelp,https://www.yelp.com/biz/di-pasquales-italian-marketplace-baltimore
Chuckx8ax97xc8s Southern Comforts Cafe Burbank Illinois yelp,https://www.yelp.com/biz/chucks-southern-comforts-caf%25C3%25A9-burbank-2
Joe Tess Place Omaha Nebraska yelp,https://www.yelp.com/biz/joe-tess-place-omaha
JT Farnham's Seafood & Grill Essex Massachusetts yelp,https://www.yelp.com/biz/jt-farnhams-essex-2
The Farmerx8ax97xc8s Shed Lexington South Carolina yelp,https://www.yelp.com/biz/the-farmers-shed-restaurant-lexington
Brine and Bottle Nags Head North Carolina yelp,https://www.yelp.com/biz/the-brine-and-bottle-nags-head
Maine Diner Wells Maine yelp,https://www.yelp.com/biz/maine-diner-wells-2
Parasolx8ax97xc8s New Orleans Louisiana yelp,https://www.yelp.com/biz/parasols-bar-and-restaurant-new-orleans
Dari-ette Drive-In St. Paul Minnesota yelp,https://www.yelp.com/biz/dari-ette-drive-in-saint-paul-3
Squeeze Inn Sacramento California yelp,https://www.yelp.com/biz/squeeze-inn-sacramento
Cafe Brazil Denver Colorado yelp,https://www.yelp.com/biz/caf%25C3%25A9-brazil-denver-2
Uncle Lou's Memphis Tennessee yelp,https://www.yelp.com/biz/uncle-lous-fried-chicken-memphis
Islamorada Shrimp Shack Islamorada Florida yelp,https://www.yelp.com/biz/islamorada-shrimp-shack-islamorada-2
Beckyx8ax97xc8s Diner Portland Maine yelp,https://www.yelp.com/biz/beckys-diner-portland
Rudyx8ax97xc8s Canx8ax97xc8t Fail Cafe Emeryville California yelp,https://www.yelp.com/biz/rudys-cant-fail-cafe-emeryville-3
Jimmyx8ax97xc8s Diner Brooklyn New York yelp,https://www.yelp.com/biz/jimmys-diner-brooklyn
Ivanhoe Ferndale California yelp,https://www.yelp.com/biz/hotel-ivanhoe-ferndale
Tavern on 2 Long Beach California yelp,https://www.yelp.com/biz/tavern-on-2-long-beach
Q Fanatic BBQ Champlin Minnesota yelp,https://www.yelp.com/biz/q-fanatic-champlin
Papax8ax97xc8s Soul Food Kitchen and BBQ Eugene Oregon yelp,https://www.yelp.com/biz/papas-soul-food-kitchen-eugene
Pagoda Restaurant North Pole Alaska yelp,https://www.yelp.com/biz/pagoda-restaurant-north-pole
El Bohio San Antonio Texas yelp,https://www.yelp.com/biz/el-bohio-san-antonio-2
Paradise Valley Burger Company Phoenix Arizona yelp,https://www.yelp.com/biz/paradise-valley-burger-company-phoenix-3
The Elegant Farmer Mukwonago Wisconsin yelp,https://www.yelp.com/biz/the-elegant-farmer-mukwonago
Grilled Cheese & Crab Cake Co. Somers Point New Jersey yelp,https://www.yelp.com/biz/the-grilled-cheese-and-crab-cake-somers-point-2
Roccox8ax97xc8s Cafe San Francisco California yelp,https://www.yelp.com/biz/roccos-caf%25C3%25A9-san-francisco-3
Mr. Bartleyx8ax97xc8s Gourmet Burgers Cambridge Massachusetts yelp,https://www.yelp.com/biz/mr-bartleys-gourmet-burgers-cambridge
x,http://webcache.googleusercontent.com/search%3Fq%3Dcache:qU4lIEQ39pcJ:http://stocktwits.com/symbol/X%252Bx%26hl%3Den%26ct%3Dclnk
Chef Lou's Westside Drive-In Boise Idaho yelp,https://www.yelp.com/biz/westside-drive-in-boise-2
Gumbo Shack Fairhope Alabama yelp,https://www.yelp.com/biz/the-gumbo-shack-fairhope
Pot Pie Kansas City Missouri yelp,https://www.yelp.com/biz/potpie-kansas-city
Nopalito San Francisco California yelp,https://www.yelp.com/biz/nopalito-san-francisco
UNLV Las Vegas Nevada yelp,https://www.yelp.com/biz/university-of-nevada-las-vegas-las-vegas-8
The Nook St. Paul Minnesota yelp,https://www.yelp.com/biz/caspers-and-runyons-nook-saint-paul
Succotash Kansas City Missouri yelp,https://www.yelp.com/biz/succotash-kansas-city
Kitty Hoynes Syracuse New York yelp,https://www.yelp.com/biz/kitty-hoynes-irish-pub-and-restaurant-syracuse
Donnie Macx8ax97xc8s Trailer Park Cuisine Boise Idaho yelp,https://www.yelp.com/biz/donnie-macs-trailer-park-cuisine-boise
Bocadillos Albuquerque New Mexico yelp,https://www.yelp.com/biz/bocadillos-slow-roasted-albuquerque
KC Steakhouse Bakersfield California yelp,https://www.yelp.com/biz/kc-steakhouse-bakersfield-3
Joey K's Restaurant & Bar New Orleans Louisiana yelp,https://www.yelp.com/biz/joey-ks-restaurant-and-bar-new-orleans
Cabbage Town Market Atlanta Georgia yelp,https://www.yelp.com/biz/cabbagetown-market-atlanta
Mattx8ax97xc8s Big Breakfast Phoenix Arizona yelp,https://www.yelp.com/biz/matts-big-breakfast-phoenix-2
Parkette Drive In Lexington Kentucky yelp,https://www.yelp.com/biz/parkette-drive-in-lexington
Grillstock London UK yelp,https://www.yelp.com/biz/grillstock-smokehouse-bristol
Deanx8ax97xc8s Drive Inn Kaneohe Hawaii yelp,https://www.yelp.com/biz/deans-drive-inn-kaneohe-2
Podnahx8ax97xc8s Pit Barbeque Portland Oregon yelp,https://www.yelp.com/biz/podnahs-pit-barbeque-portland
Colonnade Atlanta Georgia yelp,https://www.yelp.com/biz/colonnade-restaurant-atlanta
Brick & Fire Eureka California yelp,https://www.yelp.com/biz/brick-and-fire-bistro-eureka
Over Easy Phoenix Arizona yelp,https://www.yelp.com/biz/over-easy-phoenix
Chilam Balam Chicago Illinois yelp,https://www.yelp.com/biz/chilam-balam-chicago-2
Digiorgio's Cafe Largo Key Largo Florida yelp,https://www.yelp.com/biz/digiorgios-cafe-largo-key-largo-3
The Golden Bear Sacramento California yelp,https://www.yelp.com/biz/the-golden-bear-sacramento
Cafe Citti Kenwood California yelp,https://www.yelp.com/biz/cafe-citti-kenwood
Frank's Noodle House Portland Oregon yelp,https://www.yelp.com/biz/franks-noodle-house-portland
DJ's Clam Shack Key West Florida yelp,https://www.yelp.com/biz/djs-clam-shack-key-west
Jimmyx8ax97xc8s Down the Street Coeur dx8ax97xc8Alene Idaho yelp,https://www.yelp.com/biz/jimmys-down-the-street-coeur-d-alene
Anthonino's Taverna St. Louis Missouri yelp,https://www.yelp.com/biz/anthoninos-taverna-saint-louis
The Shed Ocean Springs Mississippi yelp,https://www.yelp.com/biz/the-shed-bbq-and-blues-joint-ocean-springs-7
Matt's Big Breakfast Phoenix Arizona yelp,https://www.yelp.com/biz/matts-big-breakfast-phoenix-2
Terryx8ax97xc8s Turf Club Cincinnati Ohio yelp,https://www.yelp.com/biz/terrys-turf-club-cincinnati
Shortyx8ax97xc8s Pizza and Smoked Meat Superior Wisconsin yelp,https://www.yelp.com/biz/shortys-pizza-and-smoked-meat-superior
At Sarax8ax97xc8s Table Chester Creek Cafe Duluth Minnesota yelp,https://www.yelp.com/biz/at-saras-table-chester-creek-cafe-duluth-2
California Tacos Omaha Nebraska yelp,https://www.yelp.com/biz/california-tacos-and-more-omaha
Pakx8ax97xc8s Green Corner Duluth Minnesota yelp,https://www.yelp.com/biz/paks-green-corner-duluth
Italian Express Pizzeria East Boston Massachusetts yelp,https://www.yelp.com/biz/italian-express-pizzeria-boston-2
Memphis Street Cafe Hernando Mississippi yelp,https://www.yelp.com/biz/underground-cafe-hernando
Danny's All-American Diner & Dairy Bar Tampa Florida yelp,https://www.yelp.com/biz/dannys-all-american-diner-and-dairy-bar-tampa-2
North Bound Smokehouse and Brewpub Minneapolis Minnesota yelp,https://www.yelp.com/biz/northbound-smokehouse-and-brewpub-minneapolis-2
Georgia Greek Restaurant & Deli Seattle Washington yelp,https://www.yelp.com/biz/georgias-greek-restaurant-and-deli-seattle
Big Wave Shrimp Truck Haleiwa Hawaii yelp,https://www.yelp.com/biz/big-wave-shrimp-haleiwa
Pecan Lodge Dallas Texas yelp,https://www.yelp.com/biz/pecan-lodge-dallas-3
Cupini's Kansas City Missouri yelp,https://www.yelp.com/biz/cupinis-kansas-city
Dressel's Public House St. Louis Missouri yelp,https://www.yelp.com/biz/dressels-public-house-saint-louis-2
Rasta Pasta Colorado Springs Colorado yelp,https://www.yelp.com/biz/rasta-pasta-colorado-springs
Il Gusta Pizza Firenze Italy yelp,https://www.yelp.com/biz/gusta-pizza-firenze
Wild Plum Cafe & Bistro Monterey California yelp,https://www.yelp.com/biz/the-wild-plum-cafe-and-bakery-monterey
Citrus Breakfast & Lunch Virginia Beach Virginia yelp,https://www.yelp.com/biz/citrus-virginia-beach
Culhanex8ax97xc8s Irish Pub Atlantic Beach Florida yelp,https://www.yelp.com/biz/culhanes-irish-pub-atlantic-beach
Lola's - A Louisiana Kitchen Las Vegas Nevada yelp,https://www.yelp.com/biz/lolas-a-louisiana-kitchen-las-vegas-3
The Village Cafe Richmond Virginia yelp,https://www.yelp.com/biz/the-village-cafe-richmond
Marie's Italian Specialties Chatham New Jersey yelp,https://www.yelp.com/biz/maries-italian-specialties-chatham
Whitner's Barbeque Virginia Beach Virginia yelp,https://www.yelp.com/biz/whitners-barbecue-virginia-beach
LoBellox8ax97xc8s Spaghetti House Coraopolis Pennsylvania yelp,https://www.yelp.com/biz/lobellos-restaurant-coraopolis
Carving Room Washington DC yelp,https://www.yelp.com/biz/carving-room-washington
Jamiex8ax97xc8s Bar & Grill Sacramento California yelp,https://www.yelp.com/biz/jamies-broadway-grille-sacramento
Tommyx8ax97xc8s Joynt San Francisco California yelp,https://www.yelp.com/biz/tommys-joynt-san-francisco
Ceciliax8ax97xc8s Cafe Albuquerque New Mexico yelp,https://www.yelp.com/biz/cecilias-cafe-albuquerque-3
Cane Rosso Dallas Texas yelp,https://www.yelp.com/biz/cane-rosso-dallas
Rincon Criollo Queens New York yelp,https://www.yelp.com/biz/rincon-criollo-corona
Mama Roomba Bakersfield California yelp,https://www.yelp.com/biz/mama-roomba-bakersfield
The Refuge San Carlos California yelp,https://www.yelp.com/biz/the-refuge-san-carlos
Slainte Irish Pub and Restaurant Baltimore Maryland yelp,https://www.yelp.com/biz/sl%25C3%25A1inte-irish-pub-and-restaurant-baltimore-2
Blue Plate Diner Salt Lake City Utah yelp,https://www.yelp.com/biz/blue-plate-diner-salt-lake-city
A1 Diner Gardiner Maine yelp,https://www.yelp.com/biz/a1-diner-gardiner
Bobo Drive-In Topeka Kansas yelp,https://www.yelp.com/biz/bobos-drive-in-topeka
Tin Shed Garden Cafe Portland Oregon yelp,https://www.yelp.com/biz/tin-shed-portland
Gordyx8ax97xc8s Hi-Hat Cloquet Minnesota yelp,https://www.yelp.com/biz/gordys-hi-hat-drive-inn-cloquet
Bun x8ax97x85N Barrel San Antonio Texas yelp,No URL Found
Bird of Smithfield London UK yelp,https://www.yelp.com/biz/bird-of-smithfield-london-2
Kounty Quarthouse South Range Wisconsin yelp,https://www.yelp.com/biz/kounty-quarthouse-south-range
CoraFaye's Cafe Denver Colorado yelp,https://www.yelp.com/biz/corafayes-caf%25C3%25A9-aurora
Cozy Corner Memphis Tennessee yelp,https://www.yelp.com/biz/cozy-corner-restaurant-memphis-2
Sweetie Piex8ax97xc8s St. Louis Missouri yelp,https://www.yelp.com/biz/sweetie-pies-soul-food-saint-louis-2
Grampax8ax97xc8s Bakery & Restaurant Dania Beach Florida yelp,https://www.yelp.com/biz/grampas-bakery-and-restaurant-dania-beach
Clementine Baltimore Maryland yelp,https://www.yelp.com/biz/clementine-baltimore
Pizzeria Lola Minneapolis Minnesota yelp,https://www.yelp.com/biz/pizzeria-lola-minneapolis
Ted Peters Famous Smoked Fish South Pasadena Florida yelp,https://www.yelp.com/biz/ted-peters-famous-smoked-fish-south-pasadena
Pho Lang Thang Cincinnati Ohio yelp,https://www.yelp.com/biz/pho-lang-thang-cincinnati
United Noodles Minneapolis Minnesota yelp,https://www.yelp.com/biz/united-noodles-minneapolis
G&A Restaurant Baltimore Maryland yelp,https://www.yelp.com/biz/g-and-a-restaurant-baltimore
Polish Village Cafe Hamtramck Michigan yelp,https://www.yelp.com/biz/polish-village-cafe-hamtramck-5
Vagabond Kitchen & Tap House Atlantic City New Jersey yelp,https://www.yelp.com/biz/vagabond-kitchen-and-tap-house-atlantic-city
Hodad's Ocean Beach California yelp,https://www.yelp.com/biz/hodads-san-diego
He'eia Kea Pier General Store and Deli Kaneohe Hawaii yelp,https://www.yelp.com/biz/heeia-kea-pier-general-store-and-deli-kaneohe-3
Luke's Inside Out Austin Texas yelp,https://www.yelp.com/biz/lukes-inside-out-austin
Coreyx8ax97xc8s Catsup & Mustard Manchester Connecticut yelp,https://www.yelp.com/biz/coreys-catsup-and-mustard-manchester
The Silver Star Cafe Park City Utah yelp,https://www.yelp.com/biz/silver-star-cafe-park-city
Casamento's Restaurant New Orleans Louisiana yelp,https://www.yelp.com/biz/casamentos-restaurant-new-orleans
Louloux8ax97xc8s Griddle In The Middle Monterey California yelp,https://www.yelp.com/biz/loulous-griddle-in-the-middle-monterey-2
Dish Cafe & Catering Reno Nevada yelp,https://www.yelp.com/biz/dish-cafe-and-catering-reno
Mountain Shadows Restaurant Colorado Springs Colorado yelp,https://www.yelp.com/biz/mountain-shadows-restaurant-colorado-springs
Tacopocalypse Des Moines Iowa yelp,https://www.yelp.com/biz/tacopocalypse-des-moines
Toki Underground Washington DC yelp,https://www.yelp.com/biz/toki-underground-washington
Flip Flops Grill & Chill Virginia Beach Virginia yelp,https://www.yelp.com/biz/flip-flops-grill-chill-virginia-beach
Deep Ellum Allston Massachusetts yelp,https://www.yelp.com/biz/deep-ellum-allston
Rex Italian Foods Norridge Illinois yelp,https://www.yelp.com/biz/rex-italian-foods-norridge
The Rock Cafe Stroud Oklahoma yelp,https://www.yelp.com/biz/rock-cafe-stroud
Comet Cafe Milwaukee Wisconsin yelp,https://www.yelp.com/biz/comet-caf%25C3%25A9-milwaukee-2
Cafe Polonia Boston Massachusetts yelp,https://www.yelp.com/biz/cafe-polonia-boston
Niko Nikox8ax97xc8s Houston Texas yelp,https://www.yelp.com/biz/niko-nikos-greek-and-american-cafe-houston
Hackney's Glenview Illinois yelp,https://www.yelp.com/biz/hackneys-on-harms-glenview-2
Haggo's Organic Taco Leucadia California yelp,https://www.yelp.com/biz/haggos-organic-taco-leucadia
Sweet Home Waimanalo Waimanalo Hawaii yelp,https://www.yelp.com/biz/sweet-home-waimanalo-cafe-market-waimanalo-3
Mama's Food Shop Manhattan New York yelp,https://www.yelp.com/biz/mamas-food-shop-new-york-2
Schellville Grille Sonoma California yelp,https://www.yelp.com/biz/schellville-grill-sonoma-2
Pinky Gx8ax97xc8s Pizzeria Jackson Wyoming yelp,https://www.yelp.com/biz/pinky-gs-pizzeria-jackson
Casino El Camino Austin Texas yelp,https://www.yelp.com/biz/casino-el-camino-austin
Edgewood Cafe Cranston Rhode Island yelp,https://www.yelp.com/biz/edgewood-cafe-cranston
Mac's Fish & Chip Shop Santa Barbara California yelp,https://www.yelp.com/biz/macs-fish-and-chip-shop-santa-barbara
Nadinex8ax97xc8s Restaurant Pittsburgh Pennsylvania yelp,https://www.yelp.com/biz/nadines-pittsburgh
Ramona Cafe Ramona California yelp,https://www.yelp.com/biz/ramona-cafe-ramona-2
Factory Gastrobar Long Beach California yelp,https://www.yelp.com/biz/the-factory-long-beach-3
Patti's Pierogis Fall River Massachusetts yelp,https://www.yelp.com/biz/pattis-pierogis-fall-river
Landmark Restaurant Charlotte North Carolina yelp,https://www.yelp.com/biz/landmark-diner-restaurant-charlotte
The Pit Stop Merrick New York yelp,https://www.yelp.com/biz/the-pit-stop-merrick
The Park's Finest BBQ Los Angeles California yelp,https://www.yelp.com/biz/the-parks-finest-los-angeles
Davis' Pub Annapolis Maryland yelp,https://www.yelp.com/biz/davis-pub-annapolis
Bun-Ker Vietnamese Queens New York yelp,https://www.yelp.com/biz/bunker-brooklyn
Savoy Cafe & Deli Santa Barbara California yelp,https://www.yelp.com/biz/savoy-cafe-and-deli-santa-barbara
Parvicini's Italian Bistro Colorado Springs Colorado yelp,https://www.yelp.com/biz/paravicinis-italian-bistro-colorado-springs
Bettex8ax97xc8s Oceanview Diner Berkeley California yelp,https://www.yelp.com/biz/bettes-oceanview-diner-berkeley
The Cube Albuquerque New Mexico yelp,https://www.yelp.com/biz/the-cube-albuquerque
Sakaya Kitchen Miami Florida yelp,https://www.yelp.com/biz/sakaya-kitchen-miami
"Arleta Library, Bakery & Cafe Portland Oregon yelp",https://www.yelp.com/biz/arleta-library-bakery-cafe-portland
Memphis Taproom Philadelphia Pennsylvania yelp,https://www.yelp.com/biz/memphis-taproom-philadelphia
Tre Kronor Chicago Illinois yelp,https://www.yelp.com/biz/tre-kronor-chicago
Traffic Jam & Snug Detroit Michigan yelp,https://www.yelp.com/biz/traffic-jam-and-snug-detroit-3
Gloriax8ax97xc8s Cafe Los Angeles California yelp,https://www.yelp.com/biz/glorias-cafe-los-angeles
Jersey Cafe Carmel Indiana yelp,https://www.yelp.com/biz/jerseys-cafe-carmel-2
Perfectly Franks Summerville South Carolina yelp,https://www.yelp.com/biz/perfectly-franks-summerville
Pattonx8ax97xc8s Restaurant & Catering Des Moines Iowa yelp,https://www.yelp.com/biz/pattons-des-moines
Smokinx8ax97xc8 Guns BBQ North Kansas City Missouri yelp,https://www.yelp.com/biz/smokin-guns-bbq-and-catering-north-kansas-city
10th Avenue Burrito Belmar New Jersey yelp,https://www.yelp.com/biz/10th-avenue-burrito-co-belmar
Queen's Comfort Astoria New York yelp,https://www.yelp.com/biz/queens-comfort-astoria
Patrick's Roadhouse Santa Monica California yelp,https://www.yelp.com/biz/patricks-roadhouse-santa-monica
Dot's Back Inn Richmond Virginia yelp,https://www.yelp.com/biz/dots-back-inn-richmond
Michigan Brewing Co. Webberville Michigan yelp,https://www.yelp.com/biz/michigan-brewing-company-webberville
Don Antonio by Starita New York New York yelp,https://www.yelp.com/biz/don-antonio-by-starita-new-york-2
Hullabaloo Diner Wellborn Texas yelp,https://www.yelp.com/biz/hullabaloo-diner-wellborn
Solomon's Landing Cabo San Lucas Mexico yelp,https://www.yelp.com/biz/solomons-landing-cabo-san-lucas
Leaping Lizards Cafe Virginia Beach Virginia yelp,https://www.yelp.com/biz/leaping-lizard-cafe-virginia-beach
Gaffey Street Diner San Pedro California yelp,https://www.yelp.com/biz/gaffey-st-diner-los-angeles-2
John Mull's Meats and Road Kill Grill Las Vegas Nevada yelp,https://www.yelp.com/biz/john-mulls-meats-and-road-kill-grill-las-vegas-2
Parasol's Restaurant & Bar New Orleans Louisiana yelp,https://www.yelp.com/biz/parasols-bar-and-restaurant-new-orleans
Skirted Heiffer Colorado Springs Colorado yelp,https://www.yelp.com/biz/skirted-heifer-colorado-springs
Senate Pub Cincinnati Ohio yelp,https://www.yelp.com/biz/senate-restaurant-cincinnati
Melt Bar & Grilled Lakewood Ohio yelp,https://www.yelp.com/biz/melt-bar-and-grilled-lakewood-2
Havana Hideout Lake Worth Florida yelp,https://www.yelp.com/biz/havana-hideout-lake-worth
The Smoking Swine Baltimore Maryland yelp,https://www.yelp.com/biz/the-smoking-swine-baltimore
Bluewater Seafood Market & Grill San Diego California yelp,https://www.yelp.com/biz/blue-water-seafood-market-and-grill-san-diego
Saus Boston Massachusetts yelp,https://www.yelp.com/biz/saus-boston
The Alley Restaurant at Aiea Bowl Aiea Hawaii yelp,https://www.yelp.com/biz/the-alley-restaurant-bar-and-grill-aiea-2
Hankx8ax97xc8s Haute Dogs Honolulu Hawaii yelp,https://www.yelp.com/biz/hanks-haute-dogs-honolulu
Kelsey & Kimx8ax97xc8s Southern Cafe Atlantic City New Jersey yelp,https://www.yelp.com/biz/kelsey-and-kims-southern-cafe-atlantic-city
Pineville Tavern Pineville Pennsylvania yelp,https://www.yelp.com/biz/pineville-tavern-pineville
Axios Estiatorio Denver Colorado yelp,https://www.yelp.com/biz/axios-estiatorio-denver
The Brick House Cafe and Catering Cable Wisconsin yelp,https://www.yelp.com/biz/brick-house-cafe-and-catering-cable
Paul's Live From New York Eureka California yelp,https://www.yelp.com/biz/live-from-new-york-eureka
The Smoke Joint Brooklyn New York yelp,https://www.yelp.com/biz/the-smoke-joint-brooklyn
Cemitas Puebla Chicago Illinois yelp,https://www.yelp.com/biz/cemitas-puebla-chicago-9
The Original Vito & Nickx8ax97xc8s Pizzeria Chicago Illinois yelp,https://www.yelp.com/biz/vito-and-nicks-pizzeria-chicago
Twisted Root Beer Co. Dallas Texas yelp,https://www.yelp.com/biz/twisted-root-burger-co-deep-ellum-dallas
Haus Murphyx8ax97xc8s Glendale Arizona yelp,https://www.yelp.com/biz/haus-murphys-glendale-2
Tom's Bar-B-Q Memphis Tennessee yelp,https://www.yelp.com/biz/toms-barbecue-and-deli-memphis-3
Monterey Fish House Monterey California yelp,https://www.yelp.com/biz/montereys-fish-house-monterey-2
Oyster Creek Inn Leeds Point New Jersey yelp,https://www.yelp.com/biz/oyster-creek-inn-leeds-point
Djx8ax97xc8s Clam Shack Key West Florida yelp,https://www.yelp.com/biz/djs-clam-shack-key-west
Honky Tonk BBQ Chicago Illinois yelp,https://www.yelp.com/biz/honky-tonk-bbq-chicago
Red Lion Pub & Restaurant Houston Texas yelp,https://www.yelp.com/biz/red-lion-british-pub-houston
La Piazza Al Forno Glendale Arizona yelp,https://www.yelp.com/biz/la-piazza-al-forno-glendale
Grampa's Bakery & Restaurant Dania Beach Florida yelp,https://www.yelp.com/biz/grampas-bakery-and-restaurant-dania-beach
Frosted Mug Alsip Illinois yelp,https://www.yelp.com/biz/the-frosted-mug-drive-in-alsip
Bubbax8ax97xc8s Diner San Anselmo California yelp,https://www.yelp.com/biz/bubbas-diner-san-anselmo
Kelly's Diner Somerville Massachusetts yelp,https://www.yelp.com/biz/kellys-diner-somerville
Flying Mango Des Moines Iowa yelp,https://www.yelp.com/biz/flying-mango-des-moines-3
Mambos Cafe Glendale California yelp,https://www.yelp.com/biz/mambos-cafe-glendale
Thee Pitts Again Glendale Arizona yelp,https://www.yelp.com/biz/thee-pitts-again-glendale
Quahogx8ax97xc8s Seafood Shack Stone Harbor New Jersey yelp,https://www.yelp.com/biz/quahogs-seafood-shack-stone-harbor
DAE GEE Korean BBQ Denver Colorado yelp,https://www.yelp.com/biz/dae-gee-korean-bbq-denver-4
Sip & Bite Restaurant Baltimore Maryland yelp,https://www.yelp.com/biz/sip-and-bite-restaurant-baltimore
Munchx8ax97xc8s Restaurant & Sundries St. Petersburg Florida yelp,https://www.yelp.com/biz/munchs-sundries-and-restaurant-saint-petersburg
Martinx8ax97xc8s Bar-B-Que Joint Nolensville Tennessee yelp,https://www.yelp.com/biz/martins-bar-b-que-joint-nolensville-4
Rick's Press Room Grill & Bar Meridian Idaho yelp,https://www.yelp.com/biz/ricks-press-room-grill-and-bar-meridian
Aunt Maryx8ax97xc8s Cafe Oakland California yelp,https://www.yelp.com/biz/aunt-marys-caf%25C3%25A9-oakland-5
Phat Bites Nashville Tennessee yelp,https://www.yelp.com/biz/phat-bites-nashville-4
Joe's Gizzard City Potterville Michigan yelp,https://www.yelp.com/biz/joes-gizzard-city-potterville
Momocho Cleveland Ohio yelp,https://www.yelp.com/biz/momocho-cleveland-2
Chili John's Burbank California yelp,https://www.yelp.com/biz/chili-johns-burbank
Big Mama's Kitchen & Catering Omaha Nebraska yelp,https://www.yelp.com/biz/big-mamas-kitchen-omaha
Mas Tacos por Favor Nashville Tennessee yelp,https://www.yelp.com/biz/mas-tacos-nashville
Geracix8ax97xc8s Restaurant Cleveland Ohio yelp,https://www.yelp.com/biz/geracis-restaurant-university-heights
Broadway Diner Baltimore Maryland yelp,https://www.yelp.com/biz/broadway-diner-baltimore
The Diner Norman Oklahoma yelp,https://www.yelp.com/biz/the-diner-norman
Cutty's Brookline Massachusetts yelp,https://www.yelp.com/biz/cuttys-brookline
Melt Eclectic Cafe Cincinnati Ohio yelp,https://www.yelp.com/biz/melt-eclectic-cafe-cincinnati-2
Red Iguana Salt Lake City Utah yelp,https://www.yelp.com/biz/red-iguana-salt-lake-city
Funk 'n Waffles Syracuse New York yelp,https://www.yelp.com/biz/funk-n-waffles-syracuse
Fredx8ax97xc8s Texas Cafe Fort Worth Texas yelp,https://www.yelp.com/biz/freds-texas-cafe-fort-worth-2
George The Chili King Drive-In Des Moines Iowa yelp,https://www.yelp.com/biz/george-the-chili-king-des-moines-2
Blue Marlin Fish House Restaurant North Miami Beach Florida yelp,https://www.yelp.com/biz/blue-marlin-fish-house-restaurant-north-miami-beach
Monument Cafe Georgetown Texas yelp,https://www.yelp.com/biz/the-monument-caf%25C3%25A9-georgetown
Slimx8ax97xc8s Last Chance Chili Shack & Watering Hole Seattle Washington yelp,https://www.yelp.com/biz/slims-last-chance-seattle
Ruttx8ax97xc8s Hawaiian Cafe Los Angeles California yelp,https://www.yelp.com/biz/rutts-hawaiian-cafe-los-angeles-2
Queenx8ax97xc8s Comfort Queens New York yelp,https://www.yelp.com/biz/queens-comfort-astoria
Hops & Pie Denver Colorado yelp,https://www.yelp.com/biz/hops-and-pie-denver
Spiritox8ax97xc8s Italian Diner Carlsbad California yelp,https://www.yelp.com/biz/spiritos-italian-diner-carlsbad
Brownstone Diner Jersey City New Jersey yelp,https://www.yelp.com/biz/brownstone-diner-and-pancake-factory-jersey-city
Jimmyx8ax97xc8s Famous Seafood Baltimore Maryland yelp,https://www.yelp.com/biz/jimmys-famous-seafood-baltimore
Chef Loux8ax97xc8s Westside Drive-In Boise Idaho yelp,https://www.yelp.com/biz/westside-drive-in-boise-2
Defonte's Sandwich Shop Brooklyn New York yelp,https://www.yelp.com/biz/defontes-brooklyn
Loleta Cheese Shop Loleta California yelp,https://www.yelp.com/biz/loleta-cheese-factory-loleta
Fresh Catch Honolulu Hawaii yelp,https://www.yelp.com/biz/fresh-catch-honolulu
Happy Gillis Cafe & Hangout Kansas City Missouri yelp,https://www.yelp.com/biz/happy-gillis-cafe-and-hangout-kansas-city
Kumax8ax97xc8s Corner Chicago Illinois yelp,https://www.yelp.com/biz/kumas-corner-chicago
Tubs Fine Chili Culver City California yelp,https://www.yelp.com/biz/tubs-fine-chili-culver-city
Smack Shack at The 1029 Bar Minneapolis Minnesota yelp,https://www.yelp.com/biz/the-1029-bar-minneapolis
George and the Dragon Minneapolis Minnesota yelp,https://www.yelp.com/biz/george-and-the-dragon-minneapolis
The Little Depot Diner Peabody Massachusetts yelp,https://www.yelp.com/biz/the-little-depot-diner-peabody
Savarinox8ax97xc8s Cucina Nashville Tennessee yelp,https://www.yelp.com/biz/savarinos-cucina-nashville
Granox8ax97xc8s Pasta Bar Baltimore Maryland yelp,https://www.yelp.com/biz/grano-pasta-bar-baltimore
The Sandwich League Eugene Oregon yelp,https://www.yelp.com/biz/the-sandwich-league-eugene
Rickx8ax97xc8s White Light Diner Frankfort Kentucky yelp,https://www.yelp.com/biz/ricks-white-light-diner-frankfort
Ernest & Son Brigantine New Jersey yelp,https://www.yelp.com/biz/ernest-and-son-meat-market-brigantine
Brindle Room Manhattan New York yelp,https://www.yelp.com/biz/brindle-room-new-york
The Fly Trap Ferndale Michigan yelp,https://www.yelp.com/biz/the-fly-trap-ferndale
Darby's Cafe Olympia Washington yelp,https://www.yelp.com/biz/darbys-cafe-olympia
Modern Cafe Minneapolis Minnesota yelp,https://www.yelp.com/biz/modern-times-caf%25C3%25A9-minneapolis-2
Moseberth's Fried Chicken Portsmouth Virginia yelp,https://www.yelp.com/biz/moseberths-chicken-place-portsmouth
Crazy Burger Cafe & Juice Bar Narragansett Rhode Island yelp,https://www.yelp.com/biz/crazy-burger-cafe-and-juice-bar-narragansett
Cafe Genevieve Jackson Wyoming yelp,https://www.yelp.com/biz/cafe-genevieve-jackson
Miss Shirley's Cafe Baltimore Maryland yelp,https://www.yelp.com/biz/miss-shirleys-cafe-baltimore-9
Perk Eatery Scottsdale Arizona yelp,https://www.yelp.com/biz/perk-eatery-scottsdale
Sonnyx8ax97xc8s Famous Steak Hogies Hollywood Florida yelp,https://www.yelp.com/biz/sonnys-famous-steak-hoagies-hollywood-2
Gold x8ax97x85N Silver Inn Reno Nevada yelp,No URL Found
Harvey's Hot Dogs II Portsmouth Virginia yelp,https://www.yelp.com/biz/harveys-hot-dogs-portsmouth
Alpine Steakhouse Sarasota Florida yelp,https://www.yelp.com/biz/alpine-steakhouse-sarasota
Parkside Market Falmouth Massachusetts yelp,https://www.yelp.com/biz/parkside-market-falmouth
Noble Pig Sandwiches Austin Texas yelp,https://www.yelp.com/biz/noble-sandwich-austin-3
Dor-Stop Restaurant Pittsburgh Pennsylvania yelp,https://www.yelp.com/biz/the-dor-stop-restaurant-pittsburgh
Crystal Restaurant Pittsburgh Pennsylvania yelp,https://www.yelp.com/biz/crystal-on-penn-pittsburgh
Gorilla BBQ Pacifica California yelp,https://www.yelp.com/biz/gorilla-barbeque-pacifica
Galway Bay Irish Pub Annapolis Maryland yelp,https://www.yelp.com/biz/galway-bay-irish-restaurant-and-pub-annapolis
The Early Bird Diner Charleston South Carolina yelp,https://www.yelp.com/biz/early-bird-diner-charleston
Amato's Omaha Nebraska yelp,https://www.yelp.com/biz/amatos-omaha
Matthews Cafeteria Tucker Georgia yelp,https://www.yelp.com/biz/matthews-cafeteria-tucker
Paulx8ax97xc8s Live From New York Eureka California yelp,https://www.yelp.com/biz/live-from-new-york-eureka
Blue Koi Kansas City Missouri yelp,https://www.yelp.com/biz/blue-koi-kansas-city
Willie Bird's Restaurant Santa Rosa California yelp,https://www.yelp.com/biz/willie-birds-restaurant-santa-rosa
Buster's on 28th Minneapolis Minnesota yelp,https://www.yelp.com/biz/busters-on-28th-minneapolis
Pizzeria Luigi San Diego California yelp,https://www.yelp.com/biz/pizzeria-luigi-san-diego
Schellville Grill Sonoma California yelp,https://www.yelp.com/biz/schellville-grill-sonoma-2
Singletonx8ax97xc8s Seafood Shack Atlantic Beach Florida yelp,https://www.yelp.com/biz/singletons-seafood-shack-jacksonville-2
Boston Burger Company Boston Massachusetts yelp,https://www.yelp.com/biz/boston-burger-company-boston
Alcenia's Memphis Tennessee yelp,https://www.yelp.com/biz/alcenias-desserts-and-preserves-shop-memphis
La Santisima Gourmet Taco Shop Bakersfield California yelp,https://www.yelp.com/biz/la-santisima-gourmet-taco-shop-flagstaff-2
Falconetti's Vancouver British Columbia yelp,http://www.huffingtonpost.ca/yelp-canada/vancouver-patios_b_6820528.html
Don Chow Tacos Los Angeles California yelp,https://www.yelp.com/biz/don-chow-tacos-los-angeles
Nicx8ax97xc8s Grill Oklahoma City Oklahoma yelp,https://www.yelp.com/biz/nics-grill-oklahoma-city
Hook Camden Town Camden London UK yelp,https://www.yelp.com/biz/hook-camden-town-2
Louie & The Red Head Lady Mandeville Louisiana yelp,https://www.yelp.com/biz/louie-and-the-redhead-lady-mandeville-3
Bobx8ax97xc8s Taco Station Rosenberg Texas yelp,https://www.yelp.com/biz/bobs-taco-station-rosenberg-2
Bar Gernika Boise Idaho yelp,https://www.yelp.com/biz/bar-gernika-boise
Elenax8ax97xc8s Restaurant Waipahu Hawaii yelp,https://www.yelp.com/biz/elenas-home-of-finest-filipino-foods-waipahu-3
Trinax8ax97xc8s Starlite Lounge Somerville Massachusetts yelp,https://www.yelp.com/biz/trinas-starlite-lounge-somerville-2
Yayo Taco Las Vegas Nevada yelp,https://www.yelp.com/biz/yayo-taco-las-vegas
Los Tacquitos Grill Phoenix Arizona yelp,https://www.yelp.com/biz/los-taquitos-phoenix
Humboldt Sweets Ferndale California yelp,https://www.yelp.com/biz/humboldt-sweets-ferndale
Marietta Diner Marietta Georgia yelp,https://www.yelp.com/biz/marietta-diner-marietta-2
Al's Breakfast Minneapolis Minnesota yelp,https://www.yelp.com/biz/als-breakfast-minneapolis
Pok Pok Portland Oregon yelp,https://www.yelp.com/biz/pok-pok-portland
The Lodge Sasquatch Kitchen Fort Collins Colorado yelp,https://www.yelp.com/biz/the-lodge-sasquatch-kitchen-fort-collins
Curry Corner Tempe Arizona yelp,https://www.yelp.com/biz/curry-corner-tempe
Metro 29 Diner Arlington Virginia yelp,https://www.yelp.com/biz/metro-29-diner-restaurant-arlington
Junkyard Extreme Burgers and Brats Junction City Oregon yelp,https://www.yelp.com/biz/junkyard-extreme-burgers-and-brats-junction-city
Nicox8ax97xc8s Pier 38 Honolulu Hawaii yelp,https://www.yelp.com/biz/nicos-pier-38-honolulu-2
Charlie Parker's Springfield Illinois yelp,https://www.yelp.com/biz/charlie-parkers-springfield
Paulx8ax97xc8s Coffee Shop Fountain Valley California yelp,https://www.yelp.com/biz/pauls-coffee-shop-fountain-valley
Nye's Polonaise Room Minneapolis Minnesota yelp,https://www.yelp.com/biz/nyes-polonaise-room-minneapolis
Arnoldx8ax97xc8s Country Kitchen Nashville Tennessee yelp,https://www.yelp.com/biz/arnolds-country-kitchen-nashville
Lakeview Restaurant Toronto Ontario Canada yelp,https://www.yelp.com/biz/the-lakeview-toronto
Black Duck Cafe Westport Connecticut yelp,https://www.yelp.com/biz/black-duck-cafe-westport
Hillbilly Hot Dogs Lesage West Virginia yelp,https://www.yelp.com/biz/hillbilly-hot-dogs-lesage
Stoney Creek Inn Baltimore Maryland yelp,https://www.yelp.com/biz/stoney-creek-inn-greenland-beach
Millerx8ax97xc8s East Coast Deli San Francisco California yelp,https://www.yelp.com/biz/millers-east-coast-deli-san-francisco
Dottiex8ax97xc8s True Blue Cafe San Francisco California yelp,https://www.yelp.com/biz/dotties-true-blue-cafe-san-francisco
Green Papaya Food Truck Stockton California yelp,https://www.yelp.com/biz/green-papaya-food-truck-stockton
Joe's Farm Grill Gilbert Arizona yelp,https://www.yelp.com/biz/joes-farm-grill-gilbert
The Old Coffee Pot Restaurant New Orleans Louisiana yelp,https://www.yelp.com/biz/the-old-coffee-pot-restaurant-new-orleans
BBQ Shack Paola Kansas yelp,https://www.yelp.com/biz/the-bbq-shack-paola
Barrio Cafe Phoenix Arizona yelp,https://www.yelp.com/biz/barrio-caf%25C3%25A9-phoenix-2
The Dining Car Philadelphia Pennsylvania yelp,https://www.yelp.com/biz/the-dining-car-and-market-philadelphia
"DeFalco's Italian Eatery, Grocery & Deli Scottsdale Arizona yelp",https://www.yelp.com/biz/defalcos-italian-grocery-scottsdale
Sophia Restaurant Buffalo New York yelp,https://www.yelp.com/biz/sophias-restaurant-buffalo
Schooner or Later Long Beach California yelp,https://www.yelp.com/biz/schooner-or-later-long-beach
California Tacos To Go Tampa Florida yelp,https://www.yelp.com/biz/california-tacos-to-go-tampa-5
LaCaraquena Falls Church Virginia yelp,https://www.yelp.com/biz/la-caraquena-falls-church-2
Bakersfield OTR Cincinnati Ohio yelp,https://www.yelp.com/biz/bakersfield-otr-cincinnati-2
Port Ellen Clan Lucca Italy yelp,https://www.yelp.com/biz/port-ellen-clan-lucca
Oohhx8ax97xc8s & Aahhx8ax97xc8s Gourmet Deli Washington D.C. yelp,https://www.yelp.com/biz/oohhs-and-aahhs-washington
W.O.W x8ax97x96 Worth Our Weight Santa Rosa California yelp,No URL Found
Jakex8ax97xc8s Good Eats Charlotte North Carolina yelp,https://www.yelp.com/biz/jakes-good-eats-charlotte
Peaceful Restaurant Vancouver British Columbia yelp,https://www.yelp.com/biz/peaceful-restaurant-vancouver
Nana Organic Chicago Illinois yelp,https://www.yelp.com/biz/nana-chicago
10th Ave Burrito Co Belmar New Jersey yelp,https://www.yelp.com/biz/10th-avenue-burrito-co-belmar
Taco Taco Mexican Restaurant San Antonio Texas yelp,https://www.yelp.com/biz/taco-taco-cafe-san-antonio
Cafe Rakka Hendersonville Tennessee yelp,https://www.yelp.com/biz/cafe-rakka-hendersonville
Hank's Creekside Restaurant Santa Rosa California yelp,https://www.yelp.com/biz/hanks-creekside-restaurant-santa-rosa-3
Little Napoli Carmel California yelp,https://www.yelp.com/biz/little-napoli-carmel-2
Dixie Quicks Omaha Nebraska yelp,https://www.yelp.com/biz/dixie-quicks-council-bluffs
Outer Banks Brewing Station Kill Devil Hills North Carolina yelp,https://www.yelp.com/biz/outer-banks-brewing-station-kill-devil-hills
Sophiax8ax97xc8s Place Albuquerque New Mexico yelp,https://www.yelp.com/biz/elis-place-albuquerque
Prohibition Denver Colorado yelp,https://www.yelp.com/biz/prohibition-denver
Moroccan Bites San Antonio Texas yelp,https://www.yelp.com/biz/moroccan-bites-san-antonio
Metro Diner Jacksonville Florida yelp,https://www.yelp.com/biz/metro-diner-jacksonville
Biju's Little Curry Shop Denver Colorado yelp,https://www.yelp.com/biz/bijus-little-curry-shop-denver-2
The Russian River Pub Forestville California yelp,https://www.yelp.com/biz/russian-river-pub-forestville
Fat Salx8ax97xc8s Deli Los Angeles California yelp,https://www.yelp.com/biz/fat-sals-deli-los-angeles-2
Kramarczukx8ax97xc8s Minneapolis Minnesota yelp,https://www.yelp.com/biz/kramarczuks-sausage-company-minneapolis
Fab Hot Dogs Reseda California yelp,https://www.yelp.com/biz/fab-hot-dogs-reseda-4
Lone Star Taco Bar Allston Massachusetts yelp,https://www.yelp.com/biz/lone-star-taco-bar-allston
A Taste of Home Cooking Wheat Ridge Colorado yelp,https://www.yelp.com/biz/a-taste-of-home-cooking-wheat-ridge
Tin Roof Grill Sandy Utah yelp,https://www.yelp.com/biz/tin-roof-grill-sandy
Red Wagon Cafe Vancouver British Columbia yelp,https://www.yelp.com/biz/the-red-wagon-vancouver
Dadx8ax97xc8s Kitchen Sacramento California yelp,https://www.yelp.com/biz/dads-kitchen-sacramento-3
Pies 'N' Thighs Brooklyn New York yelp,https://www.yelp.com/biz/pies-n-thighs-brooklyn
Cabo Fish Taco Charlotte North Carolina yelp,https://www.yelp.com/biz/cabo-fish-taco-charlotte
The Rivershack Tavern Jefferson Louisiana yelp,https://www.yelp.com/biz/rivershack-tavern-jefferson
Byblos Mediterranean Cafe Syracuse New York yelp,https://www.yelp.com/biz/byblos-mediterranean-cafe-syracuse
Jefferson Diner Lake Hopatcong New Jersey yelp,https://www.yelp.com/biz/jefferson-diner-lake-hopatcong
The Grilled Cheeserie Nashville Tennessee yelp,https://www.yelp.com/biz/the-grilled-cheeserie-nashville
Indyx8ax97xc8s Historic Steer-In Restaurant Indianapolis Indiana yelp,https://www.yelp.com/biz/indys-historic-steer-in-restaurant-indianapolis-2
Sidewinderx8ax97xc8s American Grill Jackson Wyoming yelp,https://www.yelp.com/biz/sidewinders-smokehouse-and-tavern-jackson
Morinx8ax97xc8s Hometown Bar & Grill Attleboro Massachusetts yelp,https://www.yelp.com/biz/morins-hometown-bar-and-grille-attleboro
Blackwater Grill St. Simons Island Georgia yelp,https://www.yelp.com/biz/blackwater-grill-saint-simons-island-3
Crepe Expectations Las Vegas Nevada yelp,https://www.yelp.com/biz/cr%25C3%25AApe-expectations-las-vegas-2
Driftwood Publick House & Oysteria Plymouth Massachusetts yelp,https://www.yelp.com/biz/driftwood-publick-house-plymouth
Wrecking Bar Brewpub Atlanta Georgia yelp,https://www.yelp.com/biz/wrecking-bar-brewpub-atlanta
Chef Point Cafe Wautaga Texas yelp,https://www.yelp.com/biz/chef-point-cafe-watauga
Green Mesquite Austin Texas yelp,https://www.yelp.com/biz/green-mesquite-bbq-and-more-austin
3 Sisters Cafe Indianapolis Indiana yelp,https://www.yelp.com/biz/3-sisters-caf%25C3%25A9-indianapolis-2
Patx8ax97xc8s BBQ Salt Lake City Utah yelp,https://www.yelp.com/biz/pats-bbq-salt-lake-city
Aunt Lena's Creamery Chandler Arizona yelp,https://www.yelp.com/biz/aunt-lenas-creamery-chandler
Prince Lebanese Grill Arlington Texas yelp,https://www.yelp.com/biz/prince-lebanese-grill-arlington
Pizzeria Luigi North Park California yelp,https://www.yelp.com/biz/pizzeria-luigi-san-diego-2
From Scratch Restaurant Carmel California yelp,https://www.yelp.com/biz/from-scratch-restaurant-carmel
Mac & Ernie's Tarpley Texas yelp,https://www.yelp.com/biz/mac-and-ernies-roadside-eatery-tarpley-2
RJx8ax97xc8s Bob-Be-Que Shack Mission Kansas yelp,https://www.yelp.com/biz/rjs-bob-be-que-shack-mission
Caplansky's Deli Toronto Ontario yelp,https://www.yelp.com/biz/caplanskys-delicatessen-toronto
At Last Cafe Long Beach California yelp,https://www.yelp.com/biz/at-last-cafe-long-beach
Union Woodshop Clarkston Michigan yelp,https://www.yelp.com/biz/union-woodshop-clarkston
Blue Collar Miami Florida yelp,https://www.yelp.com/biz/blue-collar-miami
Artisox8ax97xc8s Salt Lake City Utah yelp,https://www.yelp.com/biz/aristos-greek-restaurant-and-cafe-salt-lake-city-2
Highway Inn & Hox8ax97xc8okipa Catering Waipahu Hawaii yelp,https://www.yelp.com/biz/highway-inn-waipahu
Highland Tavern Denver Colorado yelp,https://www.yelp.com/biz/highland-tavern-denver
Aunt Carrie's Narragansett Rhode Island yelp,https://www.yelp.com/biz/aunt-carries-restaurant-narragansett
Four Kegs Sports Pub Las Vegas Nevada yelp,https://www.yelp.com/biz/four-kegs-sports-bar-las-vegas
Groverx8ax97xc8s Bar & Grill East Amherst New York yelp,https://www.yelp.com/biz/grovers-bar-and-grill-east-amherst
The Federal Miami Florida yelp,https://www.yelp.com/biz/the-fed-food-drink-miami-3
Crest Cafe San Diego California yelp,https://www.yelp.com/biz/crest-cafe-san-diego
The Front Porch San Francisco California yelp,https://www.yelp.com/biz/the-front-porch-san-francisco
Boulevard Diner Dundalk Maryland yelp,https://www.yelp.com/biz/boulevard-diner-dundalk
Luckyx8ax97xc8s Cafe Cleveland Ohio yelp,https://www.yelp.com/biz/luckys-caf%25C3%25A9-cleveland-2
Bobby's Hawaiian Style Restaurant Everett Washington yelp,https://www.yelp.com/biz/bobbys-hawaiian-style-restaurant-lynnwood-3
Tortilla Cafe Washington D.C. yelp,https://www.yelp.com/biz/tortilla-cafe-washington
El Nuevo Frutilandia San Francisco California yelp,https://www.yelp.com/biz/el-nuevo-frutilandia-san-francisco
Bizzaro Cafe Seattle Washington yelp,https://www.yelp.com/biz/bizzarro-italian-caf%25C3%25A9-seattle-2
The Joint New Orleans Louisiana yelp,https://www.yelp.com/biz/the-joint-new-orleans
Kenny & Ziggyx8ax97xc8s Houston Texas yelp,https://www.yelp.com/biz/kenny-and-ziggys-new-york-delicatessen-houston
Josex8ax97xc8s Real Cuban Food Bradenton Florida yelp,https://www.yelp.com/biz/joses-real-cuban-food-bradenton
Empire Brewing Company Syracuse New York yelp,https://www.yelp.com/biz/empire-brewing-company-syracuse-2
Cornbread Cafe Eugene Oregon yelp,https://www.yelp.com/biz/cornbread-cafe-eugene
39th Street Mama's Kansas City Missouri yelp,https://www.yelp.com/biz/mamas-39th-st-diner-kansas-city
Black Pelican Oceanfront Restaurant Kitty Hawk North Carolina yelp,https://www.yelp.com/biz/black-pelican-kitty-hawk
Valencia Luncheria Norwalk Connecticut yelp,https://www.yelp.com/biz/valencia-luncheria-norwalk
Tiki Bar Cabo San Lucas Mexico yelp,https://www.yelp.com/biz/tiki-bar-cabo-san-lucas
Mikex8ax97xc8s Huli Huli Chicken Kaneohe Hawaii yelp,https://www.yelp.com/biz/mikes-huli-chicken-kaneohe
Fox Bros Bar-B-Q Atlanta Georgia yelp,https://www.yelp.com/biz/fox-bros-bar-b-q-atlanta
Panozzo's Italian Market Chicago Illinois yelp,https://www.yelp.com/biz/panozzos-italian-market-chicago
The Kitchen Oxnard California yelp,https://www.yelp.com/biz/the-kitchen-oxnard
Wallace Station Versailles Kentucky yelp,https://www.yelp.com/biz/wallace-station-deli-and-bakery-versailles
Blueplate Lunch Counter & Soda Fountain Portland Oregon yelp,https://www.yelp.com/biz/blueplate-portland
Keegan's Seafood Grille Indian Rocks Beach Florida yelp,https://www.yelp.com/biz/keegans-seafood-grille-indian-rocks-beach
Casa Razdora Boston Massachusetts yelp,https://www.yelp.com/biz/casa-razdora-boston
The Alley Restaurant At Aiea Bowl Aiea Hawaii yelp,https://www.yelp.com/biz/the-alley-restaurant-bar-and-grill-aiea-2
Manci's Antique Club Daphne Alabama yelp,https://www.yelp.com/biz/mancis-antique-club-daphne-2
Bay Way Diner Linden New Jersey yelp,https://www.yelp.com/biz/bayway-diner-linden
DMK Burger Bar Chicago Illinois yelp,https://www.yelp.com/biz/dmk-burger-bar-chicago
Alx8ax97xc8s Breakfast Minneapolis Minnesota yelp,https://www.yelp.com/biz/als-breakfast-minneapolis
Sabroso Mexican Grill Garden Grove California yelp,https://www.yelp.com/biz/sabroso-mexican-grill-garden-grove
Krazy Jim's Blimpy Burger Ann Arbor Michigan yelp,https://www.yelp.com/biz/krazy-jims-blimpy-burger-ann-arbor-3
Gatsbyx8ax97xc8s Diner Sacramento California yelp,https://www.yelp.com/biz/gatsbys-diner-sacramento
Black Tree New York New York yelp,https://www.yelp.com/biz/black-tree-new-york
Rosinex8ax97xc8s Restaurant Monterey California yelp,https://www.yelp.com/biz/rosines-restaurant-monterey
Virgilx8ax97xc8s Cafe Bellevue Kentucky yelp,https://www.yelp.com/biz/virgils-cafe-bellevue
Restaurant 415 Fort Collins Colorado yelp,https://www.yelp.com/biz/restaurant-415-fort-collins
